workload_id,employee_id,log_date,weekly_hours,overtime_hours,sick_leaves_taken,remote_days
7c679bc1-ad1b-4a95-a81d-ff39b52e80a9,EMP001,2026-08-06,42.0,1,1,5
046c76c2-8657-4b58-a915-1ba6e4ce61b8,EMP001,2026-05-28,,3,0,4
f77ef222-6aee-4343-9e2f-c1bafd245e99,EMP001,2026-08-08,39.0,4,0,0
0d77b941-3734-4d3c-8354-2236bb80cb6a,EMP001,2026-06-11,38.0,5,2,1
b050e967-f4c2-4971-861b-1fc3273c0456,EMP002,2026-07-17,54.0,24,10,5
7ebe90ec-05e6-43d6-8a45-10b21f48213d,EMP002,2026-07-05,52.0,25,5,0
5bc0c5b4-0f43-46e9-a2bd-86b9eba52b7c,EMP002,2026-07-15,60.0,24,10,1
a38fb405-5376-4a11-bb63-18cab86ca796,EMP002,2026-05-18,51.0,14,5,0
beb749ac-c047-4f64-a9ae-41257c5a59d7,EMP002,2026-05-26,,11,3,0
ffefbadf-92c3-4f52-b277-f93f7c6b1769,EMP002,2026-07-07,51.0,15,6,1
136612ba-782c-488d-82c7-2bb5890f565d,EMP003,2026-07-06,51.0,18,9,5
599ab8d9-4c58-4fe2-9b02-4122d4ba818e,EMP003,2026-06-05,50.0,18,10,2
5896defa-9536-4dc1-ac3a-3e365722d32f,EMP003,2026-07-17,49.0,11,7,0
9f2a9826-0bbb-491f-8034-29c554ac076e,EMP003,2026-07-05,51.0,16,8,4
23ec9a0b-ce3b-48af-8af0-d5965f9645a2,EMP004,2026-08-07,42.0,0,1,3
076d2985-01f6-426d-b70a-1b92eeb4bf05,EMP004,2026-06-12,41.0,2,2,1
a8fefedf-ba0e-4365-b5fb-41b3719dcc43,EMP004,2026-07-31,43.0,1,0,5
95f0472f-75f0-40da-b2a9-f86d61da061a,EMP004,2026-07-12,44.0,1,1,0
9a6e2554-258e-4a81-b425-156b7ce2c2c6,EMP004,2026-07-19,45.0,2,2,1
bd395680-8e91-404b-8278-c6d21e6d097d,EMP005,2026-07-20,45.0,1,2,3
b216e92b-03c0-418a-a09b-8422e8c75024,EMP005,2026-06-11,44.0,4,1,3
1fbf2ae0-044a-4d58-b7c9-1a0a5243d87e,EMP005,2026-06-12,,4,2,2
e0d83f7c-9d7a-4a88-afc1-593f7bda928c,EMP005,2026-06-10,39.0,4,1,3
1a31607b-fcd6-4067-b0a2-de91632c6d28,EMP006,2026-06-25,65.0,16,3,4
d74be055-d462-455a-86f9-05f3721b406b,EMP006,2026-07-14,60.0,25,4,2
32d09bf2-0ae8-4fa5-be97-5de64bf4bce1,EMP006,2026-08-04,49.0,10,3,3
269d7088-7ea7-4e89-a0c7-9b7c37b11557,EMP006,2026-06-28,60.0,13,8,1
e0458c4e-e4b4-4340-853e-509a1255b7ba,EMP006,2026-07-08,53.0,20,9,5
d7f33b36-4233-487f-85e5-a7ba06dd7c9b,EMP007,2026-06-26,45.0,3,2,5
cf24b186-d24b-41fa-8ef5-c9806f5f32b6,EMP007,2026-06-13,44.0,0,0,2
530131ba-3ca6-4f62-b9de-71553cdffbf7,EMP007,2026-06-12,44.0,1,2,5
cc0d469a-2aeb-4ef0-94b5-2349e170b342,EMP007,2026-07-02,41.0,4,0,5
080fbc9f-2ab3-4183-959e-317fc13b5c71,EMP008,2026-07-29,44.0,5,2,0
8303c4cf-df45-468e-8d19-3ce2e5fb8c86,EMP008,2026-07-13,44.0,3,1,4
643c7a95-9935-43bc-b45b-df99333ed058,EMP008,2026-08-10,42.0,5,1,0
33578d7d-2bfd-466e-86b1-3670d904799c,EMP008,2026-06-21,44.0,3,0,0
53cab6bc-e7b3-4303-9f39-8bd096ce251d,EMP008,2026-06-18,44.0,-5,2,2
41d419f9-2b81-48ba-8c53-5dd49a45d9c2,EMP009,2026-05-16,55.0,20,8,3
0b891315-496c-4977-81ed-8d807a452751,EMP009,2026-07-06,64.0,20,10,3
f027f31a-35ad-4699-aaea-c1b754df9533,EMP009,2026-07-17,58.0,11,9,3
7ded34c1-2a5b-419d-8fff-e594c0db2abf,EMP009,2026-07-12,56.0,22,5,4
b42b2098-e1f0-4a02-bca1-53955c5eea71,EMP009,2026-07-28,59.0,12,5,0
bdd6500a-e299-4ffa-9094-ee3be0870dce,EMP010,2026-06-25,39.0,5,2,2
f03bae2a-6f19-482e-bcb5-99d0ff3244d1,EMP010,2026-05-24,44.0,5,1,1
102d4988-5ca5-42d8-82ea-fcbbf77ae9e2,EMP010,2026-05-19,40.0,0,1,0
13be1dcc-485b-4433-a823-6f0da6bb8445,EMP010,2026-08-05,44.0,4,1,0
2d03257d-d525-4a43-9ffe-db72d095c6ff,EMP010,2026-06-29,,5,1,5
2418884d-a315-4868-ac77-9cf6ee5aadfb,EMP011,2026-05-25,45.0,0,2,0
d3ea2847-607f-403a-8774-e9bdfc4bd336,EMP011,2026-06-24,43.0,1,0,4
9d5c5433-4e33-466f-9e7f-5598214c6566,EMP011,2026-06-06,40.0,3,2,3
d69c5ea9-9416-4225-bd22-96ab7b1242d1,EMP011,2026-06-20,38.0,1,0,0
d8b35255-6a11-40e9-8665-c02987becfcc,EMP011,2026-07-16,39.0,4,1,1
75e0f2b2-851d-4a19-9e6d-38cd8ca8635e,EMP012,2026-05-22,49.0,20,9,5
d069309e-0efe-4d9e-ac7b-e8059379ff31,EMP012,2026-08-10,56.0,23,7,2
94182a30-5214-4266-8102-90bd3b7bc5ed,EMP012,2026-07-24,57.0,17,5,1
c76e83dc-8895-42d9-987f-8fe9d7c455bd,EMP012,2026-07-05,65.0,12,10,2
ba6f1ce9-02d0-4b3b-b309-e384dfd3c9a0,EMP012,2026-07-28,52.0,21,5,1
92c9d80d-6aa3-4b0b-a4dd-57f1abbb9101,EMP012,2026-06-14,51.0,13,6,3
1f3fd39e-4d0c-4c7e-a7eb-25ce9df14a1e,EMP013,2026-07-14,45.0,2,0,0
ff23c169-6599-4226-aa4d-6c838bd868e7,EMP013,2026-06-19,38.0,5,1,2
0e1fbcd9-5485-4e44-91f6-5662ad385ee1,EMP013,2026-06-08,38.0,3,2,1
ea725f70-0f18-4407-8674-5d04e20b48ba,EMP013,2026-05-20,43.0,2,0,5
c63d4522-3e1a-4b24-acf9-069f58f0c6e9,EMP013,2026-07-21,45.0,2,0,0
4da295c7-de03-4ad0-b95d-40b8343e88b1,EMP013,2026-06-03,40.0,4,0,1
6039f45a-47d8-4027-9f1e-c2b346a6623c,EMP014,2026-07-16,42.0,5,1,2
d2e31de6-2ad3-49df-a622-5183c8e55a9c,EMP014,2026-07-08,39.0,4,1,3
1005c9f0-1f4c-4c0a-b550-ac0aff8513f4,EMP014,2026-08-10,40.0,2,2,2
735a1bea-a45a-4a4a-9e2b-9e91bd37bc72,EMP014,2026-06-19,,-5,0,3
0d8d2189-c8fb-4b56-8913-dd0c658a5a36,emp014,2026-06-28,44.0,3,2,5
4527abef-cd1a-4cff-88a5-4b37ae759481,EMP014,2026-06-07,42.0,3,0,1
ac32d131-9800-4bba-9997-6c3431e78ee7,EMP015,2026-06-02,55.0,22,9,5
5ff1becd-a3de-4585-98b7-43692589bd97,emp015,2026-05-19,64.0,22,9,1
8b05a49c-22b8-4981-b15e-e284533555a8,EMP015,2026-06-29,62.0,16,6,3
cf2eae58-74c9-4d8d-8ad2-5cf6d2213bea,EMP015,2026-07-14,62.0,23,4,5
71b4c0f2-c94f-45b0-a967-faeeeda17847,EMP016,2026-06-10,44.0,3,0,3
70d9d04c-40f3-4351-b012-bd782df23b2c,EMP016,2026-05-25,45.0,0,0,4
4d2df4bf-24a3-4979-958c-d963f1735355,EMP016,2026-07-21,40.0,3,0,2
f039fa5d-bbb3-4109-a7dc-ce9111a863e2,EMP017,2026-08-07,40.0,2,0,2
ef4a1ff8-a60d-40da-ba8d-483b5045cdb6,EMP017,2026-07-24,41.0,1,2,3
65b148ba-5c83-4fd1-9eaf-56507ef9734b,EMP017,2026-06-29,42.0,1,2,0
2e9f6e18-b1ea-4a06-ad86-ee923fac8279,EMP017,2026-07-01,44.0,5,0,1
63623638-fc88-40b8-ac94-7d735d4f15e6,EMP018,2026-07-27,50.0,18,3,2
1463d226-e92e-4f7a-9d50-d857eb0ee2d9,EMP018,2026-07-27,49.0,19,6,4
0888c445-2a12-4bab-ae39-c610b64e7b38,EMP018,2026-07-16,53.0,20,5,0
80874c6f-9fb9-4553-9de7-6b7bb87caded,emp018,2026-06-27,60.0,14,7,5
c8fb44fe-f59c-43d5-a279-377ea2081151,EMP019,2026-06-21,38.0,2,2,1
7004f1f5-5c0b-4715-ac02-7a2e59a5394a,EMP019,2026-07-24,41.0,5,2,0
38c5a4e2-5691-4de9-a341-218ef04f8ddb,EMP019,2026-07-23,,1,0,5
e3f6f07b-6f45-4fc3-b888-589a2df0b491,EMP019,2026-07-15,42.0,2,0,4
1a4e035c-4bc7-47da-a759-ecb0ef5fc4eb,EMP019,2026-07-05,38.0,0,1,2
ac0c1db9-86ce-4e3b-9123-f4fdb1ad1d0e,EMP020,2026-06-26,45.0,4,2,3
f1c719be-f5cd-4a68-a791-41a5b16fd215,emp020,2026-05-26,43.0,1,1,0
cad965fb-05ab-4714-bebe-2b147c904bda,EMP020,2026-08-05,,1,0,3
5ab9af8e-ddea-466e-a071-d0a4c054fbce,EMP020,2026-06-13,45.0,1,2,3
4156397d-f9b2-407b-8f03-9580a47bbc36,EMP020,2026-06-04,44.0,1,2,5
31fbd7f1-555c-4f4a-bda9-9c09f7c12293,EMP021,2026-05-25,61.0,21,4,3
fa339044-1db1-4ebe-a663-5fdefc05414e,EMP021,2026-07-29,48.0,14,7,0
96c98b94-6480-45d3-a75b-35990c9d019d,EMP021,2026-07-12,58.0,12,10,2
337804f7-3011-44be-a265-d85e31a2f03d,EMP021,2026-06-16,60.0,24,7,5
12fb7b23-146b-4227-87aa-9234b4d41bdd,EMP022,2026-06-02,48.0,20,8,2
986d2ca4-8a87-45bd-a6a3-ba446f2aab4a,EMP022,2026-06-29,53.0,15,4,3
18455949-3b22-41d4-8d27-bca1b13ed9cc,EMP022,2026-07-10,50.0,24,9,4
acc67217-08b3-4810-88bb-8299272c90b0,EMP022,2026-06-14,52.0,10,9,3
6151b0b8-7956-4979-86f3-8ccdfc4240df,EMP023,2026-06-26,40.0,3,2,1
8c7c9e08-e209-4449-895f-5d57611b6d60,EMP023,2026-07-27,45.0,5,2,5
60427eef-6056-47a1-89af-8eb2a80ae7a3,EMP023,2026-07-18,43.0,0,0,4
a5e0d82e-e866-4182-ad7f-97d9ea011cf9,EMP023,2026-06-20,,2,0,2
5e316693-c807-4d4d-8e46-cb4a194b7514,EMP023,2026-05-28,45.0,5,0,5
0842d2f5-15d3-49bd-9560-60745ce371f4,EMP024,2026-07-25,55.0,17,6,1
c23b06a0-26dc-4bad-9bd4-1ca1c6ac25d4,EMP024,2026-05-28,54.0,19,10,1
864cc5c5-77b6-49d6-a6b0-e684fe4d31f6,EMP024,2026-06-02,65.0,-5,4,4
f3046131-95e5-4c45-9899-a87dbac5c9bd,EMP024,2026-05-17,50.0,13,7,5
3cb6088f-4f52-4fbc-921b-35b51c424056,EMP024,2026-06-05,53.0,23,6,5
3d4f9f90-05da-448f-bb6c-bf835b6727ad,EMP025,2026-06-17,42.0,1,1,1
6f88a5aa-53fd-4686-afbd-8ade41c3e4ff,EMP025,2026-05-29,42.0,0,0,3
1b8a7190-ed0b-4160-bcc7-0fd5f4e87587,EMP025,2026-07-10,45.0,3,1,4
7d3c47bf-866d-437e-bff2-68591b685e5b,EMP025,2026-06-08,42.0,0,2,2
5621723d-c377-41dd-b3eb-3f19d6549d98,EMP025,2026-07-15,45.0,2,1,0
5c44333b-c9f9-4c1c-b8b2-3e0c5f95324f,EMP026,2026-06-17,43.0,3,0,3
7e61c1ad-5fdd-4a5d-8bf7-c0028bcb76c0,EMP026,2026-07-22,39.0,2,1,1
ea3b96f1-0dbe-4098-9393-cd12c91a702b,EMP026,2026-05-16,40.0,-5,2,4
2e514ddf-9e41-4361-90e4-f0fabf24a085,EMP026,2026-05-21,38.0,1,0,4
62aa4293-6dc1-489e-8fbf-4f651a0f4a28,EMP026,2026-06-28,41.0,1,2,0
fb053375-2f8d-4ac1-88ac-70d33d1638bc,EMP027,2026-07-05,48.0,20,5,5
ca7b28ec-f930-45d9-9321-a060cdf4e6ce,EMP027,2026-08-01,52.0,-5,7,4
a5488016-b0bb-48a9-9d2e-63a510352a7c,EMP027,2026-08-11,55.0,11,10,1
a24b25df-0351-4de4-8484-3b79e2f96b14,EMP027,2026-05-14,49.0,20,3,5
b8ebcb93-d516-43a6-ac51-c79057cf86ce,EMP028,2026-07-06,42.0,3,1,4
2edc5e2c-9ba4-4af3-bee2-5c04bb4f1b22,EMP028,2026-08-05,42.0,5,0,2
416537f3-4eb1-4d38-86c9-12b001f642d0,EMP028,2026-07-02,,2,2,1
f35f72ef-6b01-4b3b-aa6f-16d676554b96,EMP028,2026-07-29,38.0,4,0,1
7ef3db9c-8228-42b4-b1c0-cec41e0ed277,EMP028,2026-08-04,44.0,0,1,4
3ab73a94-ee42-4088-9adf-9f5fcfff58b0,EMP028,2026-06-02,42.0,-5,0,3
e1b92f0d-2d7e-4e02-a94b-0b8e7e3850cc,EMP029,2026-05-19,45.0,4,0,2
64a0b5a0-c292-41b7-afd6-0eb245c91c3d,EMP029,2026-07-19,42.0,2,2,3
e1916934-88d0-4f96-a89e-5ca4418398b0,EMP029,2026-07-08,42.0,-5,0,5
9a496ac4-b968-4a0a-be41-9530a3e7b8e7,EMP029,2026-05-29,39.0,1,2,4
69ecc01e-7357-49a3-afe5-bf99261975e5,EMP029,2026-07-31,44.0,5,1,2
39c40590-17be-4c18-bd09-7aa04a2a7d30,EMP029,2026-08-06,44.0,2,1,1
9b3dbcb4-4d40-48c7-bbaf-bd771afad9a6,EMP030,2026-05-16,49.0,11,6,1
237dacb4-2e58-4337-9d84-0159c11d6b80,EMP030,2026-06-28,,24,10,0
43ee3331-af14-4ade-a4aa-9fb92f7624a7,EMP030,2026-06-02,65.0,-5,4,2
7072a351-53bf-4d2d-984c-5b79663a0c90,EMP031,2026-05-23,39.0,2,0,4
b642e563-6f14-4d76-aa9f-c465a2daa1ae,EMP031,2026-06-21,38.0,3,0,2
fcee9d7d-e72d-4bf0-92ba-a7b6e0531c18,EMP031,2026-07-22,41.0,1,0,3
74da67b1-b013-48c6-838e-26ee03f64e12,EMP032,2026-06-12,44.0,1,1,1
1d49aa99-68aa-4b4f-bbed-e63924907fe1,EMP032,2026-05-28,42.0,2,0,3
0f35c4d3-3052-45ee-be06-72d5a793fe78,EMP032,2026-05-21,40.0,3,2,1
a1dfe47c-102b-4ee2-896f-5640298c8505,EMP032,2026-06-19,44.0,4,1,2
ad4d83c0-87e5-447c-bcdc-32baa852da3c,EMP032,2026-08-04,38.0,4,0,2
a32ee28e-c153-4f9d-b670-00ee45fd2627,EMP033,2026-06-27,52.0,14,9,5
583c7467-a1a5-44c3-a666-c3848c65e9fa,EMP033,2026-05-30,57.0,23,8,2
fa440a76-bc76-4337-ab03-fd8fa2a699ef,EMP033,2026-07-10,65.0,17,3,2
ba9cf4fe-8dd8-4ebd-ba3d-2f588801ebef,EMP033,2026-06-18,59.0,15,8,5
9ac3c7f4-db3d-4a69-943e-abb19f5b7740,EMP034,2026-05-31,43.0,0,0,4
96c47176-ab6d-4adf-ad2d-2fb4b753e9b5,EMP034,2026-06-24,40.0,4,0,1
0b49e348-1cad-4a8f-a66d-5d3fed6718e0,EMP034,2026-07-01,44.0,0,0,3
6d550569-818a-4fa5-83f2-ec8089d7b77a,EMP034,2026-06-30,39.0,2,1,0
2e7100a6-80c1-47ae-8369-76196fb4592f,EMP034,2026-05-26,45.0,-5,2,5
1f5b7228-b0dc-4205-8b7c-41cab45c791e,EMP034,2026-06-21,40.0,1,2,3
92896707-0293-4c68-8c79-29294d37fd98,EMP035,2026-08-02,43.0,3,0,5
3b078cb0-e947-4825-8db2-d9a9d7d7a360,EMP035,2026-06-16,45.0,1,2,3
b67d5ba5-17f2-4b98-bebd-7792dc94b549,EMP035,2026-06-18,40.0,4,2,3
17a46ae0-ee91-4c35-a1ed-f84a846b9ee0,EMP036,2026-06-10,52.0,-5,10,3
38f1c79e-6b61-4c09-87e9-86ca65a818fd,EMP036,2026-07-11,63.0,23,10,2
b91dc805-caea-42cd-8e59-e50b58f64f6a,emp036,2026-06-17,53.0,16,10,2
ed552fbc-c4fc-41cb-af5b-e229f5a7e547,EMP036,2026-07-17,52.0,13,8,5
3757ac8b-9edd-4cb2-bd04-cb4aa4785dd6,EMP036,2026-07-10,48.0,21,4,4
a1c210de-0618-4f20-8627-044ddf3129b2,EMP037,2026-06-08,,1,0,2
114d47d3-e46f-4bc9-ad8a-f8ed888b22cf,EMP037,2026-06-03,43.0,0,2,2
7d91f0a0-b156-4121-884b-789312d3a956,EMP037,2026-06-05,45.0,-5,0,4
e4c79e87-a365-4535-90f0-6b8fc2eda699,EMP038,2026-06-12,42.0,0,2,5
5ab0fef6-da01-4103-aac0-1824074e25d7,EMP038,2026-07-01,43.0,2,2,4
680f83af-9b96-4401-bf31-bf60bf2bbe63,EMP038,2026-06-30,41.0,1,0,1
e2bf9674-8786-4cbf-9369-1ab4c105ad12,emp038,2026-06-07,43.0,3,1,1
2a01debf-f2be-4222-ab44-bb22e0b3e31e,EMP039,2026-07-31,52.0,24,8,4
9fb7695c-f0fa-4075-80d7-52680a87ff82,EMP039,2026-06-21,59.0,19,9,4
44579fde-586b-45f9-811b-57ba3becd35c,EMP039,2026-06-05,63.0,18,10,2
f56fca81-8b25-427a-a1b3-b7d93fc45347,emp039,2026-05-17,61.0,12,10,4
0f9285ee-0142-40d2-a3ab-79ba8c6f9668,EMP039,2026-07-15,61.0,16,6,1
15eccbfc-70fd-43df-aca8-e74c50ee66c5,EMP039,2026-08-05,55.0,16,8,4
e4707cc0-44e8-4811-a0ba-e1c7b33482dc,EMP040,2026-08-04,45.0,2,1,2
031d3d8b-4bba-4ea4-b20f-15e201f69261,EMP040,2026-06-17,41.0,1,1,1
ff5c9032-357f-4d19-ab2b-03fa5b448d1e,EMP040,2026-05-30,44.0,4,1,2
c7cf0c11-1e82-4e8d-b9ff-bf81f7a0974e,EMP040,2026-07-03,38.0,4,0,4
1e9b7a5b-7769-494c-8495-0b3b4432898d,EMP040,2026-06-19,,0,0,5
7efcecf5-112e-45a5-a366-748c30a04dfa,EMP041,2026-07-19,,5,0,0
47773ae7-0e50-4b74-a246-3ae443945ef2,EMP041,2026-07-13,40.0,3,0,4
d392cbe3-0055-4026-bbb3-4e9f7ae7231b,emp041,2026-08-09,40.0,2,1,5
c7697dd2-03ca-42ea-82c3-e9db1d79aff8,EMP041,2026-06-29,40.0,2,0,2
43b76e0d-8516-4532-bdb7-1574b6867c82,emp041,2026-06-07,38.0,0,0,3
83dcbd18-3e9a-4efd-9f67-4639b41dd99f,EMP042,2026-07-30,55.0,23,6,5
300ffb27-5dca-4962-b503-7bee0f44732c,EMP042,2026-07-13,61.0,24,10,1
1b6d69dc-98da-4b56-b119-9c3de2cbd84e,EMP042,2026-05-25,56.0,19,4,4
c5613907-16fe-4147-9b9d-f95cd3f4c3d2,EMP043,2026-05-19,41.0,2,0,1
65442db4-c9e4-4c7d-8afe-25cc14c4cf40,EMP043,2026-07-27,41.0,2,2,2
7570481b-3b4c-4e92-883c-4f7b5f7eb81d,EMP043,2026-07-08,44.0,1,1,0
da11aaad-8a57-4cdc-8509-91bc158d4a90,EMP043,2026-07-17,45.0,3,0,4
f356392c-a48a-459b-9682-fae2ef285508,EMP044,2026-08-09,,15,8,1
5f981a7f-a466-4b51-907d-1a2f6c5f11e7,EMP044,2026-06-06,55.0,20,7,3
f2165eca-ba46-4d8d-948d-c0eddf6a0cec,EMP044,2026-05-20,63.0,13,8,2
eaa46ba6-9158-429d-8b74-942803009cff,EMP045,2026-06-12,50.0,19,9,1
2dc4ea13-6b34-4b46-85d8-7388410d8173,EMP045,2026-08-08,51.0,14,10,0
7bc1c320-2358-4b8e-8259-b7d0a664f055,EMP045,2026-05-26,63.0,12,10,5
8ab4cd90-116c-4441-a361-a96c4342f0b6,EMP045,2026-05-30,56.0,16,5,1
c51e03b6-acc1-437a-b049-2e15216cc182,EMP045,2026-08-05,60.0,20,9,1
5b2b67f1-8851-4f87-a459-2c77332c6bb8,EMP045,2026-07-21,53.0,19,8,1
de19e172-8bdd-4f71-b9dc-b2011facc1d3,EMP046,2026-07-21,39.0,4,2,4
53a6e078-7dbd-45c9-87a1-3e8e90cdd752,emp046,2026-07-24,41.0,1,2,4
bb861665-b10f-4335-a42e-4c7645591f95,EMP046,2026-05-20,39.0,4,0,1
635347b9-4683-48b4-92c0-fff79e56085d,EMP047,2026-06-22,52.0,20,6,3
d4ee1e68-f60c-4cd5-bdf8-8cff0672755b,EMP047,2026-08-03,53.0,16,3,2
3f037af2-96ff-4858-85b9-bea75b1c14c6,EMP047,2026-07-12,56.0,13,5,5
c8c1cb7e-1793-4071-934e-ebb45f44efc7,EMP047,2026-07-27,65.0,10,10,2
74fb757a-0cb8-4fea-b49a-d06ba5515d21,EMP048,2026-05-23,57.0,14,5,4
333d9996-aefe-4ab7-9ed6-384fe551cd90,EMP048,2026-07-23,61.0,12,8,5
732bde0b-1baf-46e8-ac2b-2ee9bd287280,EMP048,2026-08-11,55.0,21,3,0
7a48906e-64a5-4da7-b3d3-df749639d102,EMP048,2026-06-24,,15,6,1
d7605d11-94ec-4e51-b6e3-9257142f9f49,EMP049,2026-06-03,39.0,3,1,3
0a65557d-e3f3-4063-b3c0-640f542c8b5e,EMP049,2026-08-07,42.0,0,1,5
6f258153-4d98-4676-9118-05e7fba53e51,EMP049,2026-07-18,42.0,4,1,2
267629ef-b856-4608-a74b-4c0a67c586bb,EMP049,2026-05-23,42.0,2,2,0
d5d5aa3c-5a8f-4b84-bc3b-5b4582924110,EMP049,2026-06-07,38.0,4,0,0
fe21c3cc-7baa-40a3-bb6e-2471f671bc13,emp050,2026-06-26,41.0,0,1,2
01a92d0b-194a-48f5-832f-982ccc6613de,EMP050,2026-07-29,40.0,1,1,5
5785c843-9ac1-4873-8878-cb89c567197f,EMP050,2026-07-13,39.0,0,1,1
fb834591-d3e0-460f-b32a-68f08392b174,EMP050,2026-08-09,43.0,3,2,2
47fcf411-a810-4c76-ada9-93741cb8d398,EMP051,2026-08-01,55.0,13,3,0
146f0e9b-931d-41fc-b6df-3424c6d4c0dd,EMP051,2026-07-14,49.0,22,8,4
c2632230-616a-4c60-b7c6-d254b1ba4789,emp051,2026-07-15,56.0,14,6,1
744f83af-5166-4954-80c1-e3a3476b26ca,EMP051,2026-06-19,64.0,16,8,1
cbfe20bc-a426-4196-8438-5f8210c7d3ae,EMP051,2026-06-16,56.0,23,7,2
8ed57652-e3df-4c45-9e28-8fba1546cf2a,EMP051,2026-07-19,54.0,16,7,3
cf1c67e8-b610-4db6-add2-44725b722724,EMP052,2026-05-31,40.0,-5,1,2
8f86c465-5452-45f1-b339-2054988ca8c2,EMP052,2026-06-06,44.0,-5,1,3
6bf4bd73-8d2a-4a19-aac1-ba4a040b4373,EMP052,2026-08-08,39.0,2,2,1
211720a5-2422-4c72-b6cc-7f2535474210,EMP053,2026-08-05,45.0,4,1,1
9d34b32c-efa3-411a-b7ee-0ed59d0356f9,EMP053,2026-07-29,45.0,0,2,5
762a6216-ac40-454a-922d-491869325056,EMP053,2026-07-30,42.0,2,0,5
c50a3686-d9e3-47ee-ad17-871abfb5829b,EMP053,2026-07-12,43.0,5,2,1
0a7ea5c2-c3e9-4ba1-aed7-702cf357c399,EMP053,2026-08-03,38.0,4,2,2
4d30b188-7d64-4e86-951d-7a41c33d5e79,EMP053,2026-08-02,42.0,3,0,0
06bc5412-abd1-4144-8761-e10f2b191f35,EMP054,2026-08-08,65.0,17,10,5
ddbd781a-e5ab-4182-91b1-4c240e4a7a86,EMP054,2026-08-07,59.0,23,8,3
25f05b99-d6af-4f50-aff7-7c989adfc2d5,EMP054,2026-06-30,53.0,23,10,0
968e47e9-0c52-429b-bc8b-1332632888c9,EMP054,2026-06-17,55.0,-5,8,5
2039dfa3-fce4-47b0-86f4-6e542de8fd36,EMP055,2026-07-23,43.0,2,1,5
e83f8fd0-b6c8-4ee7-918e-94ee8942825b,EMP055,2026-06-18,43.0,1,1,2
d21dfc80-b527-4355-b5c8-981e337132a5,EMP055,2026-05-17,45.0,2,2,1
c1a62cfc-d1dd-449d-965e-026bc50037f9,EMP055,2026-06-27,43.0,4,0,2
166d97dc-eb04-4b40-8c30-728002bc060f,EMP056,2026-05-25,44.0,2,1,5
d06294d4-6a0a-4ccb-8e99-0f6508604c9f,EMP056,2026-07-13,41.0,5,1,0
2a0455f2-002e-4ac8-8cb9-92255303060c,EMP056,2026-06-24,42.0,2,2,3
8e465a62-70bb-4368-919b-f22d2ce66485,EMP057,2026-07-31,58.0,22,5,2
daec5c26-aa3e-4f7b-b2fd-11ba3ed1456d,EMP057,2026-07-12,64.0,24,10,2
8f87270a-7f43-4ab9-afcc-775c7182cb85,EMP057,2026-06-03,61.0,23,9,1
8343fd50-b699-45ff-8e30-c17c225d0d9a,EMP058,2026-05-17,38.0,4,2,1
dd9468e6-c5e9-49ed-9ba0-af7cac08a5e5,EMP058,2026-07-08,45.0,4,2,5
a4f7b850-7634-43f5-9e62-7f0f950a96a1,EMP058,2026-07-28,39.0,0,2,4
90716f24-16a7-4f89-b2a8-206e9a60b7bb,EMP058,2026-06-03,44.0,5,0,5
8d52512a-4c66-4cc7-8868-a59daae787fa,EMP059,2026-06-09,43.0,0,1,1
1838064e-c4bc-4bb8-8fc8-762c1c69a61b,EMP059,2026-06-12,40.0,0,0,2
9dab680e-ea3e-49b7-b26d-38d179fcc6a7,EMP059,2026-08-06,45.0,1,2,5
e4226a3e-626b-49b5-892f-5269a0453d65,EMP060,2026-05-31,53.0,18,10,1
9a276f02-518c-422d-9c05-3901d7119926,EMP060,2026-06-21,48.0,12,6,1
e7b9f4e6-23b9-4912-9d7b-b6326e1a166c,EMP060,2026-07-03,51.0,16,8,2
689d7d14-f922-4966-9928-2a8129100253,EMP060,2026-07-21,53.0,12,4,5
8c2f632d-bf2c-41c4-a916-6f17cf7d5a63,EMP061,2026-08-03,45.0,-5,2,5
35a80eeb-6929-461f-95c3-646c62f8b6a6,EMP061,2026-07-24,45.0,1,2,2
cc7ce7a9-7fb9-4052-8e1c-8830ed96cf44,EMP061,2026-05-21,40.0,5,1,2
ef66e9a8-82b0-439a-8399-9abc795bba50,EMP061,2026-05-20,38.0,5,2,3
5d3cad69-b33c-4009-8264-b6547db9d327,EMP061,2026-05-18,45.0,3,2,4
f39ef4ce-1727-4d3e-a2b3-7c3c0f4de85c,EMP061,2026-06-21,43.0,3,0,5
15d0a72b-9156-47ad-95d7-fb24021bc181,EMP062,2026-06-09,39.0,2,1,3
b2307517-5a5c-4a1b-8d3d-fbfab704992c,EMP062,2026-08-07,39.0,2,1,0
930fbf40-196d-4604-9a16-a64e50b7572f,EMP062,2026-08-01,44.0,3,2,1
34cc729f-219a-4a8f-9095-43b14e89cde1,EMP062,2026-07-12,41.0,3,1,4
af2c326c-3166-4923-8841-ab2f925400cc,emp063,2026-06-21,60.0,25,7,0
64fe558a-b395-4d16-840d-fb520589c188,EMP063,2026-08-04,,22,8,2
a697249a-a8bc-4cf0-9290-f2e61d7c0ad6,EMP063,2026-05-24,62.0,11,8,0
da4214d9-32d5-4d97-a888-32162d7160bd,EMP063,2026-06-18,65.0,14,3,5
d318c07f-ad7e-43e7-ab84-3236886e421d,EMP063,2026-06-11,59.0,24,4,0
1a6224fc-fbe3-4745-bb00-b516b869828a,EMP063,2026-06-29,64.0,22,5,5
1d5e8f0c-eecd-4f02-a122-a61c4103e610,EMP064,2026-08-10,38.0,2,1,2
ec383ce6-11b2-467b-80ce-ac7aca972296,EMP064,2026-05-19,39.0,0,1,4
883d25a0-c0f5-40b8-ae3e-d03a04897fd0,emp064,2026-07-01,41.0,4,0,2
d5ef773f-4a9a-40af-a4d4-70ce700e7c69,EMP064,2026-07-08,44.0,0,2,1
0349eba8-3d2e-43fe-aae9-1d39580c5392,EMP064,2026-06-28,44.0,3,1,5
2c218b4e-5bc9-48ed-80ab-effc0a6247f7,EMP065,2026-06-14,40.0,2,2,2
780f806c-7b88-485b-ae88-c24a4fa4f76d,EMP065,2026-08-03,40.0,2,0,0
78f10c3f-df70-4e92-89d2-c598a312f3fb,EMP065,2026-07-25,40.0,0,0,3
3d7a90cb-b522-4dca-bbad-378614f66bf4,EMP065,2026-06-28,41.0,2,1,3
1e7d3647-2efe-4404-9385-868c6ccc1661,EMP065,2026-06-08,45.0,3,1,2
00b9d45b-ba32-45b6-9303-e7e5d8aea093,EMP065,2026-07-30,40.0,0,0,2
66789625-3c39-4f87-b8e8-be35dc432d37,EMP066,2026-06-30,55.0,10,3,1
41528c9c-2a5d-4ba7-a33d-039fed8d3efb,EMP066,2026-05-21,54.0,20,9,0
e0697db8-1ce8-47e8-8daa-75374d4bc961,EMP066,2026-07-19,50.0,23,6,4
e9ed7ce4-16b4-4cc5-9b92-a5fbd31c221a,EMP067,2026-06-10,38.0,4,2,2
6e543e93-9674-423d-90d7-1dad96f026c6,EMP067,2026-06-17,38.0,2,0,0
c281ea59-b77f-4693-929f-6b1bca2ffa4c,EMP067,2026-07-24,40.0,4,1,5
5237f98f-aa34-4896-839a-4a259a41294b,EMP067,2026-05-20,39.0,0,2,5
59aa2ecb-67be-4362-af4a-9d0e4e88942a,EMP068,2026-07-25,41.0,0,1,2
24511496-98ad-452f-b3f8-29106b38d289,EMP068,2026-06-19,44.0,3,0,2
46e35731-765d-44fd-961d-fd1089100300,EMP068,2026-06-18,42.0,1,2,0
0ee388a7-feb9-4c1e-88d9-436d543b125e,EMP068,2026-07-11,43.0,0,0,0
092c40ca-54ce-4ff1-8fda-1d0ef56b288b,emp068,2026-06-29,43.0,1,0,5
e6d544b0-0313-40aa-8992-0cef3dd325d8,EMP068,2026-06-04,,0,0,5
1e72c4df-ac1b-43f5-a221-43e1b22a54b4,EMP069,2026-07-02,55.0,25,3,0
24f7321a-a881-4f6a-9b74-8c9540f1b054,EMP069,2026-05-27,51.0,17,3,0
14315692-aa64-43bc-9e7b-b5705edf8335,emp069,2026-07-24,50.0,15,6,3
ae153f6a-d316-46d5-94be-7cf9ded9e6ff,EMP069,2026-05-24,65.0,22,8,5
d86ea44b-d635-4532-8c9a-312e312ca798,EMP069,2026-07-25,59.0,18,10,1
2b3bce08-2ee6-456f-9c0c-bed729e7e57e,EMP069,2026-07-26,52.0,24,3,4
44ccab95-0d73-4b17-9d4f-b45b3400c09b,EMP070,2026-07-02,39.0,4,2,0
8bdd778e-9a5b-43cf-8bc6-06a9beb1d7e1,EMP070,2026-07-01,40.0,2,1,3
2810ec27-0cf9-4df4-87e0-064991c49c63,emp070,2026-06-25,41.0,3,1,3
248a93ab-9fea-4d51-b9e0-09af1d97c03c,EMP070,2026-05-29,45.0,2,1,0
cc446819-9d85-4868-9834-3af91644e614,emp071,2026-06-23,40.0,0,2,5
dc82ac83-7e1f-4ce0-af30-37b28052a901,EMP071,2026-07-25,42.0,3,1,1
24ecb4c0-5792-4eba-bd97-1ec28010b4a3,EMP071,2026-07-07,44.0,4,1,4
2cc21383-f0b9-467f-b4e8-afe507da8404,EMP071,2026-07-20,44.0,2,2,5
91510cdb-5d4f-47a4-a531-9a81e27b1cee,EMP071,2026-07-17,38.0,1,0,2
a0a6306f-17bd-4076-91f8-0c3ce6744ee1,EMP071,2026-08-05,45.0,5,2,5
1714b3a0-7a5d-4eb4-af11-655e70170fcf,EMP072,2026-08-07,51.0,20,9,0
7a9174e8-845b-4ac4-9115-5cd26dd8d11e,emp072,2026-08-06,55.0,14,7,5
6827a9cb-8fef-4a28-85a8-12cdab476a80,EMP072,2026-06-02,61.0,14,7,4
86a1d4ac-1bb9-4dab-b00d-5939ef0a88a3,emp072,2026-08-02,51.0,13,4,2
7bab0132-53d7-41e9-9fe9-06fa9032870d,EMP072,2026-07-05,62.0,15,9,5
a8946e27-fb85-48f8-9ef4-c7d17fa24600,EMP072,2026-06-18,57.0,10,10,2
f4456ab9-fc1b-438b-8eef-ec6eaff90e6b,EMP073,2026-05-22,39.0,1,0,4
20a0d1f0-949c-436d-ab21-4841ef08fb12,EMP073,2026-05-27,40.0,3,1,5
57bb3ff7-64d6-46d6-b5a1-4e9c43a8e16f,EMP073,2026-06-23,40.0,5,0,5
18c24cfd-17d5-4aa3-bdf8-fdae714518f1,emp074,2026-06-16,40.0,1,2,1
24737fa4-d7e9-4974-a84b-a8be97e2935d,EMP074,2026-05-18,40.0,1,2,4
a1a6620c-dbc5-4ba7-96b3-35e843b9af8b,EMP074,2026-08-02,38.0,3,0,0
f615bb9a-c79e-479e-a037-dfbf7e9a5e44,EMP074,2026-07-12,41.0,0,2,2
9e577c4a-c032-4f7d-9998-c25a996b5b4c,EMP074,2026-06-02,45.0,1,0,5
d15b4a28-0cbb-4554-a300-2af404031f04,EMP074,2026-06-11,43.0,2,0,3
9e573380-2844-478e-b4f4-5611d452934a,EMP075,2026-06-22,55.0,21,6,1
8f02500b-59d8-4f83-abd1-71d2865112f2,EMP075,2026-06-23,60.0,17,3,4
280b461d-5eb5-4124-9672-a89d2d1ade85,EMP075,2026-05-23,,11,4,1
a77e59c1-93ef-4668-92cd-f9682cc64d3d,EMP075,2026-08-03,58.0,20,10,3
e74fe6c3-fde5-4ac6-aa3b-438d058e96a8,EMP075,2026-07-11,49.0,17,4,0
1b20a9a6-a5e4-46d5-9311-f94e4c4bd3a4,EMP075,2026-06-18,52.0,14,10,3
b25774ae-2788-407c-8da6-33bcb2b506b5,EMP076,2026-05-22,43.0,4,0,4
091ded55-4ff6-46b8-909d-b396664c4567,EMP076,2026-07-29,44.0,4,2,1
3e1c4329-f373-4073-b72d-532db0b960f3,EMP076,2026-08-08,,4,2,0
0d106c65-3fe0-49a0-841e-e23479ef376f,emp076,2026-06-01,45.0,0,2,2
b3162a80-10f6-446f-a9e9-5e2d58c4341b,EMP076,2026-05-19,42.0,5,2,5
1660afb9-aa8b-4a3e-a65f-02616a90bc38,EMP077,2026-05-30,45.0,2,0,5
3f48ea72-f6aa-4601-9ef4-2e9063559742,emp077,2026-05-15,44.0,1,0,2
58a0ea18-8959-4a78-859c-e503f57f3f20,EMP077,2026-07-07,42.0,2,1,0
0452ff2f-9432-410a-ae25-6b13d089a112,EMP077,2026-06-25,,3,0,0
1a37e227-b672-4cec-850f-c1f986fc5bff,EMP077,2026-06-12,40.0,0,1,4
cdd27d9e-a01f-4401-bd6d-c8567edd7d09,EMP078,2026-08-06,58.0,21,4,5
7dfa3199-cdef-4e46-b999-80c88999b1a5,EMP078,2026-06-20,56.0,19,10,4
34787ea3-128a-48ba-989f-0498ac653204,EMP078,2026-07-14,53.0,25,7,1
86aa00f6-efd8-4e58-8bb4-2070e871591f,emp078,2026-05-16,59.0,21,6,4
6d7d62e9-a74e-4e8a-afa0-8d9bcc7f0d79,EMP078,2026-07-07,64.0,20,7,0
5cff9556-947b-4a16-8297-7f41f27b8da2,EMP079,2026-06-08,45.0,3,1,3
b566d1e3-09e2-46d9-b7c8-629e3a950567,EMP079,2026-07-18,44.0,4,0,4
b1bbf30c-46af-4a32-93a5-d86486ea26bb,EMP079,2026-07-03,43.0,3,2,1
75bbc577-7a8c-48e0-a637-5c0bff6f1dea,EMP079,2026-06-15,40.0,3,1,1
e0e29646-ced8-479f-b24e-769c20525d6e,EMP079,2026-08-05,40.0,1,2,2
f8bd7cf5-9fcc-43e6-9985-f9d060be38c4,EMP080,2026-08-02,38.0,4,2,0
52b08d14-cc16-4a6b-8ec2-b4e7faf206ef,EMP080,2026-05-24,41.0,0,1,3
b7455bbd-c6a3-4cff-9e40-9cd137a4f50c,EMP080,2026-06-26,43.0,2,0,0
46bef01f-6626-4873-9a1a-bd71a96547a9,EMP080,2026-07-17,38.0,0,0,1
74a3f035-32d6-4f44-94c0-9cee875f53f3,EMP081,2026-06-01,53.0,13,5,3
937e22d4-024b-4c3f-8340-25c0e271b713,EMP081,2026-07-27,56.0,11,6,2
24640d5e-a27f-4e61-86f5-cf62ef388f63,EMP081,2026-05-20,52.0,20,10,2
c8a87162-e284-41b2-9158-85d3b507f2d7,EMP081,2026-08-09,59.0,12,4,5
5595d239-3511-496c-b7cd-61a08ae26c4e,emp081,2026-06-09,57.0,15,9,4
01b60309-ad12-44d4-871d-889ae16069d3,EMP082,2026-06-11,65.0,17,7,5
6de7549f-f632-48b6-829e-1040700fa3fa,EMP082,2026-08-11,62.0,23,6,4
b19fadc1-3ca6-4589-8a07-4ec3f1835483,EMP082,2026-06-16,,22,6,4
4b646711-d151-4846-aa1b-66dfcd2e0551,EMP082,2026-07-13,62.0,12,4,2
d78e751c-f957-4b70-a4d7-1018da76d458,emp082,2026-06-30,61.0,12,9,1
66a12cf4-6eef-423f-92a3-c9b8a9aa10b7,EMP082,2026-07-30,48.0,-5,3,3
43a2421f-c601-48c4-b2c5-d94beec03709,EMP083,2026-06-14,62.0,10,9,5
a4cbe101-d180-4ae7-8c89-5290364c413f,EMP083,2026-05-21,65.0,25,7,1
a8b91ee5-fb06-49aa-ae45-78976472d5eb,EMP083,2026-06-18,50.0,13,4,0
5040cc81-96c7-4c03-8329-a21588444d1a,EMP083,2026-07-29,50.0,12,6,4
2dc5e133-8d46-45c6-968a-0f2f2670a477,EMP083,2026-07-15,63.0,12,7,5
21f26e54-d229-4d9c-8940-19aa9153b69d,EMP083,2026-08-10,52.0,23,8,2
8be3dc6f-140c-4178-800a-f299a9b54e06,EMP084,2026-06-22,59.0,10,9,2
193a5388-dba0-4ef8-ae08-1b93e046c8ce,EMP084,2026-05-23,55.0,21,8,0
b111590d-839b-4890-8ddb-3e94dd077515,EMP084,2026-07-31,57.0,20,3,2
cf31d75b-496c-441e-8a61-572c714a5985,EMP084,2026-08-11,57.0,-5,5,2
db2a697c-006c-4517-a044-601960323e45,EMP084,2026-06-23,48.0,17,6,2
67433e1d-117e-484a-bac5-3701ab701dc2,EMP084,2026-07-23,57.0,14,3,2
d71d5430-b1c9-43ba-b7cd-a1870581890e,EMP085,2026-05-20,40.0,4,1,5
9b706cbe-50af-49fe-8fc7-090a39c201f3,emp085,2026-07-07,45.0,2,2,2
8e0185d9-5df1-4c8a-8961-d76379a62ed2,EMP085,2026-07-13,43.0,-5,2,0
6a9fba87-d502-4d94-ae64-c03b03823147,EMP085,2026-07-20,40.0,0,0,4
3136e512-8cfd-4c4e-84f2-53357ee7c8f6,EMP086,2026-06-08,42.0,5,0,3
76f24a68-47ed-40cc-948c-afb0a269a4f6,EMP086,2026-08-08,42.0,1,2,5
767dd572-4e45-4028-966f-31044d9fabc5,EMP086,2026-08-01,42.0,4,2,5
a8c50893-bcf3-4dc7-ab71-9c45fbeb9d2a,EMP086,2026-06-28,38.0,5,2,1
df1889c5-2812-4614-b873-733ceb6575bd,EMP086,2026-07-21,43.0,3,2,3
da78712d-9cbf-465e-8e6a-63eb30e8040b,EMP087,2026-07-25,62.0,-5,5,4
c4a08576-bb70-4d51-a40f-eef5ed7c863a,EMP087,2026-07-25,58.0,24,8,3
36687a0a-cd45-4d38-adee-31b6f65339c3,EMP087,2026-07-15,50.0,14,10,5
3123f0d8-2d18-40a5-99eb-b63b85d5a09e,EMP087,2026-08-09,61.0,21,3,5
425f697d-941b-4aed-9f14-1b4979992d0c,EMP087,2026-08-09,57.0,18,10,4
f8a08221-70af-4e80-b67a-7db57ceb56ab,EMP087,2026-06-20,48.0,19,6,2
f9184fbb-b6ba-4e80-8021-f80e1ee5faa8,EMP088,2026-06-09,42.0,2,2,4
54dd17e9-425b-42f1-9ab2-938de3d9c48e,EMP088,2026-06-29,44.0,4,0,5
a28393d4-40c1-48b7-b3f0-284f5c727617,EMP088,2026-06-05,40.0,1,2,0
bcd5e2d2-7c63-40a2-a9e1-cd73bb06809c,EMP088,2026-07-16,45.0,-5,1,4
174c67c7-714a-4b27-9ce7-f93c03a2b51b,EMP089,2026-07-06,38.0,1,1,0
3bc7350e-8def-4a7d-b916-ca4004dbf6f7,EMP089,2026-07-12,,4,0,5
85f9391a-3b74-45ab-bb43-61fc1b8e7857,EMP089,2026-07-02,42.0,2,1,5
7c39d382-8c9f-4fd1-803a-ced779cb01e0,EMP089,2026-07-25,45.0,1,0,1
bb713b41-7edb-4a0f-a328-9b6d8871c1fc,EMP089,2026-08-08,44.0,1,1,2
bc7b763c-c306-4d8e-a094-c6cc2ad1dcb5,EMP089,2026-07-14,40.0,-5,1,3
92231804-3c69-4fdd-8a47-10af3c93ea3f,EMP090,2026-08-06,48.0,24,9,3
923851ee-4265-4d66-88b9-ac74c2aab34c,EMP090,2026-07-10,53.0,15,7,2
354479cc-73fe-471d-85ff-532e2e92aeb9,EMP090,2026-07-07,,10,5,3
4ded6dc8-f4f0-46d6-be99-2958a3c85cad,EMP090,2026-05-19,54.0,19,3,1
def3e967-ef66-4889-93e4-69467da996b1,EMP091,2026-07-06,44.0,1,1,2
ab7507d4-56fe-4249-b585-856fd789e79e,EMP091,2026-05-24,,4,0,2
ba7fbcde-50cc-4d86-a644-cc00d0903cdf,EMP091,2026-08-02,44.0,3,1,3
616c9c6d-4006-4bfa-bb04-1084a53582ae,EMP091,2026-06-29,42.0,0,2,3
d926bb7b-7b4a-43ca-97d2-c682e22136ae,EMP091,2026-07-23,39.0,1,1,3
bef65fe3-f01c-465f-acbc-42fd225a5f35,EMP091,2026-07-07,40.0,2,0,1
23ac0de6-1350-45ba-9f61-acd603aadfc9,EMP092,2026-06-04,60.0,12,7,5
d3cfd43a-7fe4-4158-8c14-14e7100b400e,EMP092,2026-07-14,64.0,25,5,0
a466a5ca-84e3-440d-857a-d9d5657401cd,EMP092,2026-06-24,,12,6,3
1f19d84a-cb1f-4ab9-8360-1eb5454883ed,EMP092,2026-06-06,61.0,13,5,3
8e58a444-329b-4135-9418-b2751ec660d4,EMP092,2026-06-13,51.0,-5,6,0
2c248147-efdb-409f-9561-3e58deffe5c0,EMP092,2026-06-01,65.0,17,9,1
1325924b-99ac-42a9-be8c-2b3fc673a749,EMP093,2026-07-03,,24,9,2
c61b65c5-7468-4ab4-be82-cfe8031afaf8,EMP093,2026-07-13,61.0,11,9,1
574c6576-17ea-4ac7-919d-972f2f8d7d49,EMP093,2026-07-16,48.0,15,4,5
1c8b35e1-aa23-4cb4-b1f6-bd6dd28571a8,EMP093,2026-06-15,58.0,16,4,2
b0395ac9-c94c-431f-a606-b75ac83f3f66,EMP093,2026-07-09,50.0,17,7,3
8e8dbf38-9756-41af-b2ff-81cf50bb4130,EMP094,2026-05-22,39.0,3,1,3
41658f2a-b7e4-4099-a3e5-65996b361ba9,EMP094,2026-05-31,43.0,2,0,4
5a5e502d-e400-44c1-a117-96059fa4ef88,EMP094,2026-07-07,42.0,5,2,1
fd7fd1ed-f304-412d-b49a-158e151e4af3,EMP094,2026-06-01,40.0,5,2,5
7eb9d6d7-0c8e-4d21-a303-a179ab4ff538,EMP094,2026-08-06,43.0,0,1,2
dd16ddc9-0966-41d7-ae4b-0e4583e215fd,EMP095,2026-06-20,42.0,0,0,1
f791b473-bde9-460e-94af-893770d01d84,EMP095,2026-06-07,42.0,0,2,3
8cf2432c-d319-41b3-8e5a-e33c0fe4265e,EMP095,2026-08-03,44.0,1,1,4
4e843f85-c7cb-47f1-957d-55da7478b31f,EMP095,2026-06-16,42.0,1,0,0
161296f9-8566-497e-a52b-d63e6a6ba9d6,emp095,2026-07-06,40.0,5,2,4
23adf8fb-95fe-4fa4-b31a-df6baa47e2ad,EMP095,2026-07-26,39.0,0,0,1
808fd53c-97c0-4be8-a608-4cd23b9c8db1,EMP096,2026-08-03,54.0,24,3,5
4120bda2-0fbf-4118-a70e-3cdd3f314713,EMP096,2026-05-14,51.0,12,10,4
7c495289-4818-48cf-a425-4557dce85fd8,emp096,2026-06-03,63.0,13,8,0
9636cf4d-fe6d-4be1-998f-e1b3265ea462,emp097,2026-07-31,44.0,1,0,4
1161f9e9-d78d-43d0-bbb1-9474ad08a903,EMP097,2026-06-19,39.0,3,1,3
21a0d56c-0420-4aea-bca5-f0adb5199039,EMP097,2026-06-10,43.0,1,0,2
db2afe95-13bd-4b5f-b241-e400ef335af8,EMP098,2026-05-31,43.0,4,0,1
b2cb3649-4be4-4910-83a3-6d5813cd5638,EMP098,2026-07-01,41.0,-5,0,3
3cd639eb-ab89-4507-a9f7-32a139df0e45,EMP098,2026-07-18,41.0,3,1,1
c180b182-3b19-4cc4-844e-d6a8485d79ce,EMP098,2026-06-01,45.0,1,0,3
30c50ce0-4018-45d7-bfd5-fe752f6a5297,EMP099,2026-07-17,57.0,11,8,4
f9715d62-2e95-459e-849d-cd16acabd762,EMP099,2026-07-08,58.0,16,5,4
a4b08abc-b7c1-4c63-b884-1966a10eb33a,EMP099,2026-05-29,65.0,14,10,4
8a8af213-2a1f-4a95-b49c-498363324288,EMP100,2026-05-28,41.0,0,0,1
fd50d0b3-d7b5-41c3-b96e-29e171adc3d0,EMP100,2026-06-18,43.0,0,2,5
f98eacca-363f-499c-b60f-8e530a84c25e,EMP100,2026-08-07,42.0,0,0,1
c825b6d0-f2db-407a-b9d6-b6b5a580c3a9,EMP100,2026-07-08,39.0,5,1,3
cffa150c-1fc5-4d0d-b62e-b751a6017b0f,EMP100,2026-07-11,40.0,0,0,1
5e712d80-01a8-4f99-8994-657df966e104,EMP100,2026-07-10,42.0,1,1,4
5dc0822d-1c96-4c38-b8ab-d643b345cf7a,EMP101,2026-07-28,38.0,0,2,2
a846e35e-0db3-4e09-b9e6-c0f68dd2ef01,EMP101,2026-05-29,42.0,4,2,4
342ea8dd-482d-4039-9c2b-8dd9f501b072,EMP101,2026-07-26,41.0,1,1,3
67d20365-3ebd-46c9-84a5-fa303c25dc72,EMP102,2026-06-14,58.0,10,7,5
0bbcc852-6452-4bc5-a25b-5be2e513127b,EMP102,2026-07-04,62.0,19,5,0
23bdb2fc-b764-4729-89a0-d5c66b60da23,EMP102,2026-08-09,49.0,22,3,5
cbae0c40-e961-4828-abd1-c02d5ca23b46,EMP102,2026-07-22,62.0,17,8,0
c667dc3c-0b43-4979-beaa-adb79414baa1,EMP102,2026-07-08,63.0,22,6,3
fe0b0eb1-4f46-40a1-be49-be1b31ab789e,EMP103,2026-06-30,43.0,1,2,3
8fa5d411-5285-4101-b455-1fad45d86f71,EMP103,2026-06-04,,5,2,1
c8092353-29a5-411a-bacf-7c982ab0cb6f,EMP103,2026-05-23,40.0,0,2,0
ae559a8f-daf3-4eff-95f8-5ee9e09fc1d1,EMP104,2026-06-07,41.0,4,0,2
5c5723fb-1a5f-4497-9dbc-b9ff4af2ed49,EMP104,2026-07-18,38.0,5,2,5
1acfa2ff-e5c2-4611-a46a-91952881b028,EMP104,2026-07-21,41.0,2,2,3
21d7ad45-8817-48b4-92ea-c723916da863,EMP105,2026-06-20,65.0,16,8,3
75068231-b7b7-4f33-b06d-105410ba2831,EMP105,2026-07-18,62.0,11,9,5
3dbb3c20-b9bd-4180-abde-cdb7b1a6a23f,EMP105,2026-06-20,65.0,22,10,3
6b11544c-39ed-4602-9b61-d1c4771d7857,EMP105,2026-07-12,52.0,17,6,5
9fd49db6-0b68-4c00-91e3-a5c45be0f781,EMP105,2026-07-12,52.0,16,8,1
d42167a3-7e01-4545-b3e8-2505b27708f1,EMP106,2026-08-06,43.0,0,2,4
aa1e8400-adb9-439b-939c-40bca9f973c0,EMP106,2026-07-16,,5,0,3
c1ea32f4-5472-494e-acd2-e6991052bdca,EMP106,2026-07-29,39.0,0,1,1
8ac9eedb-64c8-4475-a756-20f071c9eb24,EMP106,2026-05-22,43.0,3,0,1
bbbd95c1-91d3-4f0f-9d86-6092e7efa38c,EMP106,2026-05-17,41.0,3,0,2
865cc6a9-f051-4b1e-bcbb-bd9e6d877320,EMP106,2026-05-14,44.0,0,1,5
4540f257-3217-4ef2-98f9-eec98c8409c4,EMP107,2026-07-23,38.0,1,1,2
1bdc3658-fa29-4d94-9b71-e4b0e0cacf85,EMP107,2026-07-10,41.0,0,0,5
dac401c0-83d0-4b80-bb6c-3e6dadbebb80,EMP107,2026-07-19,45.0,0,1,4
1cf80bd3-103c-472d-a8d7-c977be2535c9,EMP107,2026-06-08,40.0,4,2,5
034f19c7-faa8-4ce5-acd3-da19c5b2520c,EMP108,2026-07-08,50.0,16,6,4
111f2697-09ff-4598-a5d5-7501c9d8c67c,EMP108,2026-07-07,52.0,15,3,2
7e837a3c-88ce-4031-8882-0573cb19c612,EMP108,2026-06-26,55.0,24,9,4
4719517c-418c-4a5a-812e-dc7aeacc78c3,EMP108,2026-06-20,51.0,21,6,4
b7586d0e-8066-4298-adb1-7c7248ecd6b8,EMP109,2026-08-01,38.0,4,2,2
f6f7dfb6-6cb2-407c-8abc-7c70e62a6ea5,EMP109,2026-08-09,43.0,3,0,4
f920cae0-8a70-4eb7-986b-e08b060a1bb5,EMP109,2026-08-08,40.0,3,1,3
d0752e72-9a0a-4ec1-970b-46887e8b9048,EMP109,2026-08-01,45.0,4,2,5
577e3abf-863f-43b0-8a3b-a3d590c3abbe,EMP110,2026-06-08,48.0,16,10,4
6c64c145-0c0e-46e1-a8a5-c632d410c820,EMP110,2026-07-15,56.0,19,4,5
8aa85f5b-16d7-48bc-aa23-ce740f39dd9a,EMP110,2026-08-02,53.0,21,4,1
963ef84b-225f-4954-bb22-6dec7f9a59f8,EMP110,2026-05-18,52.0,-5,3,5
c92fa6df-c697-4017-91b4-c73b9b7fdb0e,emp110,2026-06-13,52.0,12,10,3
7d27d711-4122-4a2b-8251-b9384a53b7fe,EMP111,2026-05-15,55.0,16,5,5
5fe96c9f-6a94-4e1e-aa75-1652d2925af2,emp111,2026-08-07,54.0,25,8,4
9c7e551e-a87f-4aaf-9cce-3320960119af,EMP111,2026-06-16,51.0,17,4,5
2ac3ff95-97bb-4a65-bb7b-c80a9f3f5e8b,EMP111,2026-05-19,55.0,18,6,4
68dec485-15a2-48e7-afde-7e47ad5bb04e,EMP111,2026-07-11,63.0,22,7,2
5fafc7ea-ef15-4a08-aca8-b9edfb05e826,emp111,2026-08-08,49.0,11,10,4
4d33be4f-70cf-4891-a18e-72da09ae43c5,EMP112,2026-07-14,39.0,1,2,1
cd213ef5-a6fc-49e5-8fce-d61a467e1d46,EMP112,2026-08-11,39.0,3,2,1
4018c7e6-0559-4078-b4d1-e38a1efd1cad,EMP112,2026-06-11,44.0,4,2,1
0ffdd130-104a-47e9-be18-880fb806ac88,EMP112,2026-08-05,38.0,3,1,4
741e4c72-5a46-4df8-b169-146ad630a98e,EMP112,2026-07-30,39.0,0,2,2
c5b1fabf-203c-4052-8bcd-9770160a9edd,EMP113,2026-06-26,39.0,1,0,2
4dcb62a6-9322-4e96-b7a3-e13eae5860f8,EMP113,2026-05-28,39.0,5,2,4
64edf114-8d24-486d-8b48-40d297455907,EMP113,2026-06-12,40.0,4,2,4
ecd6e190-3849-4929-b270-4ea15311c381,EMP113,2026-05-22,42.0,2,2,1
455aeffc-cdf1-4b03-a09e-bad9995db14a,EMP114,2026-06-02,57.0,12,4,2
2686d705-693c-4daa-bec3-6d05a9f1842b,EMP114,2026-05-31,61.0,13,8,3
35aa34f2-e30c-441f-85b6-09fb7471a4de,EMP114,2026-08-01,60.0,22,3,4
b14a4d53-2e61-40ba-a8b9-9f959e8c8626,EMP115,2026-06-13,38.0,5,0,5
5854b999-4022-414a-83a2-bbeb428ed971,EMP115,2026-07-07,43.0,-5,2,1
f4d05a5a-eaa5-4610-a1cf-83097dddb74b,EMP115,2026-07-01,40.0,3,0,5
4f245c2a-671a-4724-81ac-b14f43f7481f,EMP116,2026-06-04,42.0,5,2,2
57c3112b-17e8-4639-8e32-f5fa9ac11a51,EMP116,2026-07-31,,2,2,2
02221e8e-59c1-4034-92dd-391ba0b299c7,EMP116,2026-05-31,42.0,4,0,5
c74bc5f5-5f58-42be-95f8-3a618b340342,EMP116,2026-05-25,44.0,4,2,0
cc84a1d0-78e0-4af6-916d-864ca4e1c252,EMP116,2026-06-13,38.0,-5,0,4
1c3950b0-9d84-4beb-9eb1-d4f4aca8bc6b,EMP117,2026-06-25,60.0,25,5,4
3f5ea21d-d5be-4f74-8022-7bf35824bc7b,EMP117,2026-06-16,51.0,14,4,2
a927e06c-a5d2-455b-aad3-fbf7b5c7e5ef,EMP117,2026-06-10,59.0,19,3,0
b02831c0-8045-4426-b387-bb0ba9f725de,EMP118,2026-07-30,57.0,12,3,2
9fabd1bc-7450-49f1-abee-d7279676778d,emp118,2026-07-04,63.0,10,9,1
a8fd8f3f-4855-4d2c-9a30-5990f943e26c,EMP118,2026-06-13,65.0,17,6,0
c8225975-3ebf-4e37-b88c-6b3eba3754cb,EMP118,2026-07-07,61.0,16,7,3
6edde2a0-e8cf-4a2b-bd0f-9fdc0433ff25,EMP118,2026-06-06,55.0,12,6,5
d11cd6b5-74a2-4ded-8932-382b63c84405,EMP118,2026-07-30,57.0,10,10,4
1074ee96-95ab-492e-afde-ada24f942e7e,EMP119,2026-08-03,40.0,5,1,3
9c44cb97-07c0-4f99-9b97-104d5961a35a,EMP119,2026-08-10,39.0,1,2,0
1c23b092-f456-430e-a4fe-f88d50867aa1,EMP119,2026-07-07,,4,1,4
e8fc1327-8dc7-41f3-a3eb-09a9b8121df8,EMP120,2026-07-26,63.0,13,6,3
1706859a-96ee-4e44-bd90-b106492cf757,EMP120,2026-07-23,52.0,19,7,3
12ccbbe5-ddfc-46ff-abc6-5e6a34108c4d,EMP120,2026-06-01,60.0,25,5,3
f94e8835-a174-4c8e-9d50-8cf8add39fe0,EMP120,2026-06-17,57.0,10,10,0
806b8651-7257-4441-9daa-af217dbb8e8c,EMP120,2026-05-30,49.0,21,7,5
184e4be9-a88c-4c01-b802-cd0edc3ea11d,EMP121,2026-06-12,38.0,1,0,1
607210c1-42bf-40dc-bc65-0678f5fb521c,EMP121,2026-05-22,44.0,4,2,5
6436c25b-48c2-49fe-a9ec-07802be13672,EMP121,2026-05-19,45.0,2,2,5
9569f73a-1ee2-4753-be4e-94bc3cd9a75f,EMP121,2026-06-16,38.0,0,1,2
1df3abec-6016-4160-a4b6-9cff02c5391f,EMP122,2026-07-04,41.0,1,2,2
f089c392-06c2-4ca8-9c0c-6989a58a8919,EMP122,2026-05-29,41.0,5,2,1
bcf38449-010f-4f0c-bedc-6c8e79be8b53,EMP122,2026-06-23,41.0,3,2,3
c7850fb2-b8e0-42a1-9320-8e33a255f93e,EMP122,2026-06-14,39.0,5,2,3
96f0658f-e9e1-4efa-86db-a3c03be22cd8,EMP123,2026-08-11,57.0,15,4,2
3c1bf583-7867-4959-8455-c7361ec9de0a,EMP123,2026-08-05,61.0,19,6,3
2446d3b1-df40-424c-9dc4-8eb694f3d3c9,emp123,2026-06-07,49.0,19,4,2
e370109a-2aea-4a8c-8709-9b67589021d8,EMP124,2026-05-25,38.0,3,2,5
55d7c961-6dfb-407f-8b65-3f1335341c7f,EMP124,2026-05-16,,5,0,4
424affb8-c402-4018-aec9-d0fff6c11cce,EMP124,2026-06-07,42.0,3,0,5
5e5929c9-3f12-4f35-ade1-e549916b88d1,EMP124,2026-08-01,40.0,1,0,3
70436547-eca7-4c72-a010-b642aa4a431a,emp124,2026-05-26,39.0,0,2,4
4be32e4e-c65b-49b7-804c-13c8f1a67167,EMP125,2026-07-16,40.0,4,2,0
4fc16535-b35d-4441-a92c-7577d2af24f1,EMP125,2026-06-20,44.0,2,2,3
11f7d50a-7093-459b-8b6a-6b892f5184d0,EMP125,2026-07-13,41.0,2,2,5
289b19ec-058f-4360-b043-41f44012fa81,EMP125,2026-07-14,42.0,0,0,2
bc95c953-1ee0-40b3-946a-56b042abe067,EMP125,2026-06-03,38.0,1,0,4
9d29f08b-3bfe-4a99-9bf7-bd2be959d849,EMP126,2026-06-16,49.0,12,9,4
aa6657ea-2091-4303-ad80-2de8081b47d8,EMP126,2026-06-09,61.0,13,10,3
11f427b2-5050-4a0f-b1c4-01df3897f3fe,EMP126,2026-06-26,62.0,16,7,0
e0e52155-97a7-47ec-8efc-6a537d4371fb,EMP126,2026-08-08,64.0,22,10,2
75b7a0a6-6c34-4dff-9632-d831c48b0f68,EMP126,2026-06-18,65.0,24,4,5
b0c220b2-a713-46e9-90e3-0176b4769dd8,EMP127,2026-06-17,45.0,0,2,4
e594cb75-b39f-4397-a04f-7975ebf135c5,EMP127,2026-05-24,45.0,0,0,4
35b6abe2-b7e9-4b9f-bb12-de183378ddf5,EMP127,2026-07-26,44.0,4,2,3
a027311e-1dde-4eb9-9cde-16960e0f7a94,EMP127,2026-08-07,44.0,2,0,1
432d310b-157c-4863-918e-c5458b8be72e,EMP127,2026-07-12,39.0,-5,0,2
9e3325d0-2b8d-4028-963c-5798842d5dbe,EMP127,2026-07-15,45.0,3,2,5
2f8b290f-fe5e-436b-a71a-eef7f536209b,EMP128,2026-07-10,43.0,5,0,3
f718e695-9338-4ae5-8a14-c72054a5617e,EMP128,2026-06-21,40.0,5,1,1
84a4a5ab-e364-47c3-9e15-cf9db8ea9bce,EMP128,2026-05-19,44.0,5,0,0
1cce005e-3027-4e2b-af6a-4c53da8a9647,EMP129,2026-05-22,57.0,22,5,3
b6ab43fa-957d-45ab-9866-fb62bd324466,EMP129,2026-05-18,55.0,15,5,2
be278f2c-ef81-4381-957f-70feaf815511,EMP129,2026-05-22,52.0,18,5,1
9f1ef240-5bc2-4693-b3e8-8b8f88c1ee80,EMP129,2026-06-08,60.0,13,6,5
0032a0b2-2f9b-4ff2-81c2-d2da211e3347,EMP129,2026-06-07,63.0,17,5,3
39805ddc-97d9-48f5-af27-3918c4fa6ac2,EMP130,2026-06-21,63.0,16,8,5
48890c8c-e97a-4580-95a4-d52d6e0a3ba7,EMP130,2026-06-26,54.0,13,3,2
937f8b1c-cfc4-47a5-bb58-7835eefdb94f,EMP130,2026-08-10,63.0,17,9,4
29762549-d25c-4989-96c7-25b124c92cba,EMP131,2026-07-01,44.0,0,2,5
0cbccd4a-0445-4957-8658-13e70e014cd5,emp131,2026-07-18,43.0,2,2,3
635efd35-9cac-4c14-9cf0-a960830bc98c,EMP131,2026-06-27,44.0,-5,2,1
754d0a4c-8905-48fd-90a7-8952f8f04823,EMP131,2026-06-19,41.0,2,0,2
99902e06-d4bd-4e19-8135-5908a2b6e255,EMP131,2026-06-22,42.0,1,1,0
68b43db3-ea2c-4740-a18b-faa081c83409,EMP132,2026-05-23,54.0,22,8,0
9a5f661e-b809-4e5a-9901-ed27dbe4bd46,EMP132,2026-07-28,63.0,20,9,3
036fc0d9-10bf-4181-a89b-370c6b45e0d3,EMP132,2026-07-20,64.0,12,10,3
80465358-dcc9-4a1d-b064-1802d64bea6e,EMP132,2026-07-16,50.0,13,5,5
d8fcc3c0-0a0c-4d74-90da-edca7b211093,EMP132,2026-05-23,48.0,13,6,2
7e6fd6c5-de15-4abc-977c-db08c22c3ea2,EMP133,2026-07-19,42.0,2,0,0
cd5055ea-1ec9-4687-a196-b0e35f9db0af,EMP133,2026-05-22,41.0,5,2,4
534d1d3d-aefc-486f-bf96-0f0bcc61fa96,EMP133,2026-07-15,42.0,5,2,4
8fd13815-af1b-4941-93c6-01d04d22555a,EMP133,2026-05-15,44.0,3,0,5
980955ef-08bb-4196-8ffd-0c945468fcdb,EMP134,2026-05-17,62.0,18,4,4
230418df-a016-444a-b609-ca9c823eb1e3,EMP134,2026-08-02,58.0,21,6,3
ca058dad-da0e-4d5f-82fd-68f8c9aa7ee3,EMP134,2026-06-10,54.0,21,9,3
ea10b86e-efb3-4e9b-a144-45972a75f662,EMP134,2026-07-03,55.0,12,9,4
6da24123-55d0-4012-a3a4-8bf87399f7e5,EMP135,2026-07-19,64.0,12,7,5
fb256471-39f5-4710-a926-83771a83e4f7,EMP135,2026-07-30,64.0,24,7,2
37116c38-6b2b-4381-a36f-148bfaf44766,EMP135,2026-05-18,65.0,19,8,5
ae278fa9-2b34-420f-9e5b-d48095af6eea,EMP135,2026-08-01,49.0,20,3,4
14aca14b-54a2-459a-ad23-c77a3a25ffd7,EMP136,2026-05-14,63.0,18,6,1
53e84aa0-5f8f-4a08-b6da-198c541e79bd,EMP136,2026-06-26,49.0,22,3,4
28799796-5994-4e8d-87fb-f04a4bfcb854,EMP136,2026-07-20,57.0,13,7,3
876f9331-f804-40f7-93a3-9b90191ca9f2,EMP137,2026-06-28,38.0,1,2,5
c5661fdb-0bd6-4fab-811c-64630ee15c92,EMP137,2026-05-15,43.0,2,1,0
b2ed5d5f-d576-4bda-bbe5-3799cab3705e,EMP137,2026-07-09,39.0,1,2,1
cdf45d65-4f80-4f1f-a5c2-9f1266150162,EMP137,2026-05-27,40.0,5,1,0
07b50d25-5d5a-479e-b92a-c223322e9aee,EMP138,2026-06-26,63.0,16,9,4
6a2f3819-169b-4a3b-aa64-e935b782c55e,EMP138,2026-07-14,48.0,23,10,4
d24926fe-c42a-4c3a-a9b6-7b5557122ea1,EMP138,2026-07-19,56.0,15,7,4
48cfa5cb-ff93-4442-abfc-4a825a8d5ed7,EMP139,2026-06-28,42.0,2,1,3
1a3551b8-2aeb-4abe-ae34-4b22e886191c,EMP139,2026-06-22,41.0,1,0,0
5bc6bafc-802c-46b6-812f-db733dd0ad95,EMP139,2026-06-07,45.0,3,1,1
335d7d81-12eb-46be-a748-288d98d4343c,EMP139,2026-07-16,41.0,2,1,3
04beb0e5-1311-4d31-97bd-105306439b24,EMP139,2026-08-07,43.0,0,2,0
56687dfb-015a-4987-8736-09acc0351dbc,EMP139,2026-07-01,45.0,5,0,1
5127b99c-4d03-41ea-a537-e84bcd98a76a,EMP140,2026-07-04,43.0,2,2,3
58f732fc-fcd9-4787-bc17-339a4b555c8b,EMP140,2026-07-03,,1,0,5
a54da5ab-c7e0-4bc0-a716-d8379ea83791,emp140,2026-07-04,44.0,2,2,2
6b287c15-21eb-49ad-b092-9d6c6ceb2ee4,emp140,2026-05-29,42.0,5,1,4
4408002a-ffc1-4ef0-9503-53f5c17c00fe,EMP140,2026-07-21,41.0,2,0,4
daaed383-0408-431f-9ac5-b3b45586d935,EMP141,2026-05-26,51.0,13,10,5
76151954-8847-4954-a2f9-30266ef86db7,EMP141,2026-05-14,61.0,24,7,5
41e3175f-1b8a-46f0-9fe3-6fa4c828470c,EMP141,2026-05-15,64.0,17,4,4
1869e599-155e-4746-ae25-b62277e39c2c,EMP141,2026-08-04,59.0,12,4,2
f87e55b1-caad-4a87-96c2-edc8127797ec,EMP141,2026-06-28,59.0,22,8,0
6759c8e9-8bd5-438b-8373-8e8b08a75db8,EMP142,2026-05-20,54.0,25,9,4
2e79750f-2fbe-44a3-be10-86f8d74f8b7e,EMP142,2026-06-30,61.0,23,8,0
6cff567e-2dc2-4854-a4c1-cfd71e1dac21,EMP142,2026-06-25,63.0,24,6,4
d4eceac2-6016-4970-89ac-6697f4dfff4e,EMP142,2026-06-15,57.0,21,6,4
400dc3a8-ef5c-43fa-9c6d-4b038d686b96,emp142,2026-07-26,55.0,20,4,1
9084add0-a6cf-4219-86af-bccefa3647cf,EMP143,2026-07-14,40.0,5,2,4
45342b31-3a07-406c-9f78-02a69f9abeea,EMP143,2026-06-12,41.0,5,1,5
85f4cfd8-77d8-4c91-8d96-4ac2677dc46c,EMP143,2026-05-25,42.0,2,1,0
5bcfedfa-d411-401d-862c-fa68b1a2cb82,EMP143,2026-07-25,45.0,0,1,0
50ee62e4-c4c5-418f-9e3e-5aa61e756fb5,EMP144,2026-08-11,56.0,22,6,0
d5362fd3-9644-4385-972b-26713e852ad3,EMP144,2026-07-11,58.0,12,5,4
d6ed7966-463b-4b99-9852-3ad263993c3b,EMP144,2026-07-21,64.0,19,7,5
ef09982f-531d-4409-8eab-44c574d0c212,EMP144,2026-08-01,57.0,20,3,3
46c20d7a-b0dc-4663-83e6-d4dad82e225e,emp144,2026-05-21,49.0,10,8,0
d96b8482-c603-4d54-9928-3229ff2d38ff,EMP145,2026-06-12,45.0,1,0,0
ec0346c4-b829-4ad4-a138-457d131fefe7,EMP145,2026-07-08,40.0,5,1,2
16b6cc50-831e-4faa-916d-89c168db343c,EMP145,2026-05-30,40.0,2,0,4
370ca892-1ffa-4dc0-a5df-66418637579e,EMP145,2026-06-30,40.0,5,2,0
8255f9a0-a2da-4021-bbbe-ca676008afa7,EMP145,2026-07-07,38.0,5,0,2
986e8889-f768-4d9f-b981-36eaa30a0d45,EMP145,2026-07-01,39.0,5,2,0
4d4d9be5-5abb-48e0-9ba5-a6d6887a5617,EMP146,2026-06-25,41.0,-5,2,0
966f9332-5ec1-433c-8595-66774d098dac,EMP146,2026-07-22,40.0,2,2,1
43d4d95f-fa92-4eb4-9126-0e0f7a19af43,emp146,2026-06-15,39.0,3,1,3
3372f2aa-8bd1-4b42-b012-bbfa36d19116,emp146,2026-05-19,38.0,1,1,4
f0dab2f9-a768-43c0-8354-bdce9e345a39,EMP146,2026-06-11,40.0,5,0,0
ab7996ea-3e10-4ab1-8891-e78d4c5fc71d,EMP147,2026-08-08,48.0,23,7,3
3d8350df-aecb-488d-90c6-d34809a0bb83,EMP147,2026-08-02,,24,6,3
e4561b50-d62c-4a5c-a650-edc42c04da18,EMP147,2026-07-24,63.0,22,4,0
fab60b7e-261e-4bfe-8f2b-cd53f71a1fad,EMP148,2026-05-22,48.0,22,10,1
15750863-5869-42f9-bd03-412613173831,EMP148,2026-05-31,52.0,10,6,3
68fa881b-363c-4738-bebb-26a0d028429e,EMP148,2026-07-26,57.0,21,9,4
a1841ae8-675c-4cc6-b1a9-69d7ca59d3a9,EMP148,2026-05-21,49.0,19,5,5
f134c5af-043e-4c84-a7bc-a26510c29609,EMP148,2026-06-26,50.0,13,9,4
6ba9dd9c-2b95-4536-b60d-afe4e5361410,EMP149,2026-06-09,63.0,19,9,4
e345ac30-8888-40ed-8558-ac5b44078665,EMP149,2026-08-01,56.0,16,7,5
bd42820c-3fc2-4a37-b96b-2c0fe16bf4e4,EMP149,2026-06-20,63.0,18,3,0
c9db4e37-7a2a-4ef4-8dc2-8a5f14591ee2,EMP150,2026-08-06,59.0,23,7,1
cac3350d-ea16-4494-866b-907cf83d5ef4,EMP150,2026-07-21,50.0,13,8,0
b69ff9e1-87b6-476c-8d38-f40552bc4577,EMP150,2026-06-06,48.0,13,10,5
c145afb0-2292-462c-82c0-b681cd807b33,EMP150,2026-05-14,59.0,13,9,0
35faf493-9974-4ff3-9b44-0a43ceb8d36f,EMP150,2026-05-27,64.0,22,10,5
0251f7c9-cb7e-4dc0-8861-cd06cc9e0ff4,EMP150,2026-07-23,54.0,-5,8,4
