review_id,employee_id,review_date,rating,promotion_given,manager_feedback_score
e29cd5c4-6541-4f99-88cb-b8a8383d1b29,EMP001,2026-02-13,3.0,True,5
135ef653-5303-4482-9294-5cd4afc2b1c8,EMP001,2025-08-17,4.0,False,4
145edc98-508e-4474-aacd-965f63722ba0,EMP001,2025-02-18,5.0,True,4
829f814c-4b14-41c8-b54e-7a69b6a4afec,EMP002,2026-02-13,1.0,False,2
0760e803-9616-42cc-b4b9-694d59342854,EMP002,2025-08-17,1.0,False,3
4647246f-b8d4-424a-8f64-2b2cad0e319d,EMP002,2025-02-18,2.0,False,1
a0c5ea23-4404-4fbb-865e-22e9648daab3,EMP002,2024-08-22,1.0,False,1
a32a6f93-6611-4f43-97c4-d67c29ed65c6,EMP003,2026-02-13,1.0,False,1
f184c6cd-20a7-439c-8b6e-283be595a6d9,EMP004,2026-02-13,4.0,False,4
f32a7231-0f91-4f73-8e1a-221c402bf65f,EMP005,2026-02-13,5.0,True,5
8bc55f5d-a2cd-4e73-8d75-3f9c298b8504,EMP005,2025-08-17,3.0,False,4
0300fcc4-79ce-4035-a3b2-5332e529bbe6,EMP006,2026-02-13,,False,2
e09b6c52-bd4e-4465-8489-046d532ea7b2,EMP006,2025-08-17,1.0,False,3
3c35a726-e5d8-455b-bb57-6233f760eb57,EMP006,2025-02-18,1.0,False,3
c2c84896-e3a0-4f8f-949e-94ebcd5f184d,EMP007,2026-02-13,4.0,True,4
214bb775-1686-4067-a50f-13d3ccf0bf7f,EMP007,2025-08-17,4.0,False,4
cca568bb-9884-458a-8f49-e9c34206e8f6,EMP007,2025-02-18,4.0,False,5
ea540f84-a3f0-4daf-8452-313ed65d6846,EMP008,2026-02-13,3.0,False,4
139d7457-a49d-4ebe-8941-83ef2e35a347,EMP008,2025-08-17,3.0,False,5
d4836d35-2f0d-424d-bc46-6e84ce475472,EMP009,2026-02-13,2.0,False,2
f459d039-4b9d-4335-b3d5-781c6a44da93,EMP010,2026-02-13,4.0,False,4
a8178e45-1cf9-4642-9065-e1ad10fa4cf5,EMP010,2025-08-17,4.0,False,5
4e9c6470-f77a-42e7-a72f-040716065342,EMP010,2025-02-18,3.0,False,5
6f896545-df31-486d-84c1-8f6b88427921,EMP010,2024-08-22,3.0,False,5
b93f1dae-6c2e-440c-be8a-36702b79ecd5,EMP011,2026-02-13,5.0,False,4
20ac25e1-7469-424e-ab0c-bad1e17f6961,EMP011,2025-08-17,5.0,True,5
3ee01fc5-31d9-4fb5-8ddc-f93fa7d74dd8,EMP012,2026-02-13,1.0,False,2
4ed2a306-33c8-4ee8-8f14-19598bb4b45a,EMP012,2025-08-17,1.0,False,3
564a8640-bc33-401e-9fb7-72585018a817,EMP012,2025-02-18,2.0,False,2
9c88f43a-c35a-4670-8de2-2ebb7c66bd5d,EMP012,2024-08-22,2.0,False,1
9492d21a-cb7f-43cc-9467-0c2202d7298e,EMP013,2026-02-13,3.0,True,5
c2a4d0b3-e424-4cb1-8abf-0dbe4f4040e2,EMP014,2026-02-13,3.0,False,4
36d46ca0-f813-4824-9a4e-88342d9a5e79,EMP014,2025-08-17,3.0,True,5
7b095aa0-de6b-4c6d-9a67-f44615eea0c3,EMP015,2026-02-13,2.0,False,1
67563712-9d38-445b-9d8f-92d61facde02,EMP015,2025-08-17,1.0,False,1
b0e80df7-c796-46a9-96cf-a9a3bfd53142,EMP016,2026-02-13,3.0,True,4
5747843f-5d35-4af2-b1af-9a497bd57e20,EMP016,2025-08-17,4.0,False,4
c1bffe84-090a-4fc6-8fcc-c4033befdf3a,EMP017,2026-02-13,5.0,False,5
cac88bae-f259-4727-897c-c007ce523d19,EMP017,2025-08-17,5.0,True,5
a35e1d0c-8120-421e-a448-1d691090f85c,EMP017,2025-02-18,5.0,False,4
76c8edfb-ddbb-490c-b950-35db279da391,EMP018,2026-02-13,2.0,False,2
f29fd298-da3e-43cc-94dd-e28d1abd2b77,EMP019,2026-02-13,5.0,False,5
715bc906-dee1-4671-9e8e-dd421161e567,EMP019,2025-08-17,5.0,False,4
f266daf8-8cb7-4a97-aa89-1bd1d57af272,EMP020,2026-02-13,5.0,False,5
81b974d5-bfab-42ea-aa73-5e35e5ca1be9,EMP020,2025-08-17,4.0,False,5
61a1e05c-3960-4f6b-ac48-7edfaf0785ef,EMP020,2025-02-18,3.0,False,4
de1c6393-8947-4a4e-97d7-0b17973b3b2d,EMP020,2024-08-22,5.0,True,4
0cb849a1-c6e3-44df-82a6-fae9d2630d25,EMP021,2026-02-13,2.0,False,1
072fe025-cd0a-4a95-b914-c200b4be6218,EMP022,2026-02-13,1.0,False,1
cee20277-4d41-4cf7-a310-32311439293d,EMP022,2025-08-17,1.0,False,1
b3b99bac-0cab-4943-adfa-71a0ff767f36,EMP022,2025-02-18,2.0,False,2
1cc4250a-9655-4c2b-a10a-0163e110ba6b,EMP023,2026-02-13,,False,5
7f93b9e4-bb0b-4c71-afb2-7d79ccd9843f,EMP024,2026-02-13,,False,1
73fef7a5-47f8-4fe4-a8df-d9f8e5b857ac,EMP024,2025-08-17,1.0,False,3
73df3952-3348-4868-a367-2854294440e2,EMP024,2025-02-18,2.0,False,2
b20f06b9-f92d-4827-bb87-7843ef73a78c,EMP024,2024-08-22,2.0,False,2
d5321524-23ce-4ad8-ad78-0b4e8ba37d0e,EMP025,2026-02-13,3.0,False,5
e54e6e8a-7110-4189-a16d-39c73d23bdf1,EMP026,2026-02-13,3.0,False,4
369d01ef-e018-4f96-a9db-ccf1d2b0492b,EMP027,2026-02-13,1.0,False,1
d7eb784f-3a1f-40b5-9cda-52283a82b553,EMP027,2025-08-17,1.0,False,3
268edb44-4b62-4a1a-9c60-c9a22c1adb70,EMP027,2025-02-18,2.0,False,2
e4861281-22d1-45be-a693-eb11b2ee6e6b,EMP028,2026-02-13,3.0,False,5
7df2768a-bf1b-457f-8908-025a877112b9,EMP028,2025-08-17,5.0,True,5
b109a4c9-bc2b-40d2-80de-6ba37fc8d4c1,EMP028,2025-02-18,4.0,False,5
da2b997c-27ab-4cd1-8e1e-15194ab8d33c,EMP028,2024-08-22,5.0,False,5
91843e4a-3085-4f87-a77e-a57e0f59a7aa,EMP029,2026-02-13,3.0,False,5
a96603c4-66ff-469f-8bf3-d34f5e3c4a33,EMP029,2025-08-17,5.0,True,4
98d64947-f26e-4c6f-ae69-a52397e0e23c,EMP030,2026-02-13,2.0,False,3
cc1573e6-bd7f-47c5-8697-c98e35dc274b,EMP030,2025-08-17,2.0,False,1
ab072187-866f-4f71-bfe4-76cb6f7a7a5f,EMP030,2025-02-18,1.0,False,1
f66bbefb-5e80-4379-9e3b-d69f09fae5eb,EMP030,2024-08-22,2.0,False,2
99c7b093-4c45-45d1-93ab-4f87920fdfa3,EMP031,2026-02-13,4.0,True,5
a7a3d61e-534e-4490-8713-d938de73c735,EMP031,2025-08-17,5.0,False,5
ae5c95f0-de18-41ea-993c-2895e08d9236,EMP031,2025-02-18,3.0,False,5
793daddd-a759-4ebb-a8fd-2dcfde4b852b,EMP032,2026-02-13,3.0,False,5
62bee475-e506-432d-9a97-3537623d3e16,EMP032,2025-08-17,4.0,False,5
46324bf3-f509-46b3-9fb5-f89f97162cff,EMP032,2025-02-18,3.0,False,4
423fa998-914e-4ae1-8b94-49068b71fea9,EMP033,2026-02-13,1.0,False,3
9e13221f-3b7c-4097-82ab-e41bc856e4d9,EMP033,2025-08-17,2.0,False,1
0e66a241-3016-4c06-a784-b01252fe100b,EMP033,2025-02-18,1.0,False,2
f3a23127-ffcf-40fb-b7ac-fbe91738523e,EMP034,2026-02-13,5.0,False,5
253a0789-4881-4fda-91f0-292582edcef9,EMP035,2026-02-13,3.0,False,5
fffdae95-98c4-4d12-9bdd-3e3daaa127f5,EMP036,2026-02-13,1.0,False,3
cc29290f-d80a-44ff-9ccc-ecd18892fec7,EMP037,2026-02-13,3.0,True,5
0a85cab4-7ce5-4886-9ed8-f30c27b2f2e8,EMP037,2025-08-17,4.0,False,5
74e3b3b6-dc16-4f60-a747-ec73da8be890,EMP038,2026-02-13,4.0,False,4
983d7376-5a18-405b-8dc9-1104135f2c62,EMP038,2025-08-17,3.0,False,5
c1dec3a9-bed8-48ed-842d-7fef74fb29bd,EMP038,2025-02-18,3.0,False,4
638c5539-92a6-44fd-a559-e30301a13681,EMP039,2026-02-13,2.0,False,1
13a83a79-2316-43ba-a65d-4da2269275ac,EMP040,2026-02-13,5.0,True,4
4c30ac18-e2f7-494a-8c3c-88f88984f4b2,EMP041,2026-02-13,,True,4
a22a821b-e2fa-44fe-abf0-39e61c23acbe,EMP042,2026-02-13,1.0,False,2
d435ee8a-eb3d-4efa-bf4f-91b709f5b401,EMP042,2025-08-17,1.0,False,2
aea5be0d-c7e2-4275-97c9-70b763424b9b,EMP042,2025-02-18,1.0,False,3
29f33c57-69f0-4584-9d55-478c3ca43135,EMP043,2026-02-13,3.0,False,4
c7f90dd4-c940-4c77-aec1-6518819a932c,EMP043,2025-08-17,3.0,False,5
562ec741-19e5-4830-9457-6b5ca2c85659,EMP043,2025-02-18,4.0,False,5
08500a1d-a5b1-4ca2-bbed-e78abff2df86,EMP044,2026-02-13,,False,3
ff9d1671-b5d0-44f2-8553-16efe1b62bb1,EMP044,2025-08-17,2.0,False,3
bf007950-c445-4349-b99f-d03b5726e803,EMP045,2026-02-13,2.0,False,3
15a2cfe8-ec5a-47b9-afdd-55cfddec2456,EMP045,2025-08-17,2.0,False,1
dcfdfa88-a68e-4732-94dd-a00cc44b5671,EMP046,2026-02-13,3.0,False,4
e98e9668-db15-49cc-ab46-adc0c8de67ec,EMP047,2026-02-13,1.0,False,3
89c9cb33-76b0-4a8c-a313-eef9144faed6,EMP047,2025-08-17,1.0,False,2
59ae1337-1917-4827-890b-7768003dda43,EMP047,2025-02-18,2.0,False,3
80d0548d-5c10-4850-ad5d-2805e3584ed3,EMP047,2024-08-22,1.0,False,2
27c25962-e42d-4b33-b6a8-a403563e68ca,EMP048,2026-02-13,1.0,False,2
dd2ab06a-31e5-44af-ad73-0d5c56e5b393,EMP049,2026-02-13,3.0,False,4
94f2ef9a-d402-47e0-a054-6e49754c2775,EMP049,2025-08-17,4.0,False,4
b9e66022-bacd-46df-812b-1d2cbdab8d07,EMP050,2026-02-13,4.0,False,4
61b056de-6009-403e-8cc0-392f2bacda28,EMP051,2026-02-13,1.0,False,3
32993890-2071-479a-81b5-c593dfea4fb9,EMP052,2026-02-13,3.0,True,4
58791a0f-a0f5-40fe-bf22-3cb5141179dd,EMP053,2026-02-13,4.0,False,4
60240b30-4bc2-4d40-8db2-dc554d72358f,EMP053,2025-08-17,4.0,False,5
77fca3b0-8580-4bac-a00e-d5fab00d83d8,EMP053,2025-02-18,5.0,True,5
467738df-d4f9-40f9-aaac-d780ce818987,EMP053,2024-08-22,5.0,False,5
2f3747cc-e25d-49d0-93bc-8a0c0e5925f9,EMP054,2026-02-13,1.0,False,3
ac9872e2-a458-41c5-a88f-025f5be3b2bb,EMP055,2026-02-13,3.0,True,4
a8cc95f9-c0be-4fe4-a847-f54128c76794,EMP056,2026-02-13,5.0,True,4
bc066384-60d3-495d-8bf0-9d02f0c21c3b,EMP056,2025-08-17,5.0,False,5
df409c3e-0081-4ab4-a781-49fc24e47061,EMP056,2025-02-18,5.0,False,5
ae2dced3-78f0-4b76-9cc2-15a78acfbcc3,EMP056,2024-08-22,3.0,False,4
843edec6-2498-4130-b75d-52a2d4390126,EMP057,2026-02-13,1.0,False,1
d5dee89c-fe5f-43de-a319-6341002970cb,EMP057,2025-08-17,1.0,False,2
79cfb64d-d1ce-447d-b6e1-26ccb961a22e,EMP057,2025-02-18,2.0,False,2
8a242026-bd14-4571-9ebb-1dd5166086ac,EMP058,2026-02-13,3.0,False,5
289d8835-cc8d-48f3-96b2-d618af4160f3,EMP058,2025-08-17,,True,4
85a217cc-8d91-488e-9a48-563117c95914,EMP058,2025-02-18,4.0,False,5
8b2604d1-c72e-4bed-8d73-7a79b4ef57c2,EMP059,2026-02-13,,True,5
df984c63-5a6b-46d3-a33a-ce874442f707,EMP059,2025-08-17,4.0,False,4
afb07458-17a1-4b46-8f27-056c0dfdf145,EMP059,2025-02-18,5.0,True,4
c166ccea-39a2-4710-8e46-1a0da582d62c,EMP059,2024-08-22,4.0,False,4
69c3da71-5f32-4307-bec1-a3b070672583,EMP060,2026-02-13,1.0,False,3
a98d4cd0-a05d-46e0-8a49-226a08d8afa7,EMP060,2025-08-17,2.0,False,1
7f06aaf1-b4c7-4812-919d-1da27c803732,EMP060,2025-02-18,2.0,False,1
15b0d048-d181-4373-beaf-1d46052448c9,EMP061,2026-02-13,3.0,False,5
fb6b6cfd-bbd1-4ba6-9109-c582b834f814,EMP061,2025-08-17,4.0,False,5
fe763467-d334-40e4-979a-880c2bac11da,EMP061,2025-02-18,5.0,False,5
93aac104-d503-4882-bcf5-01304eb04ce5,EMP061,2024-08-22,5.0,False,4
eabe5396-42fe-43ee-8905-18a126342e84,EMP062,2026-02-13,5.0,False,5
a5f47ee4-899e-432f-a04e-3b869d3ead5d,EMP062,2025-08-17,5.0,False,5
d14a382c-11aa-4c55-87af-711b2a856af9,EMP062,2025-02-18,4.0,True,5
b4420ed8-5503-469f-9c7d-a47179eabb0f,EMP062,2024-08-22,5.0,True,4
9ed85480-d00a-41a3-9101-06ea14610e7a,EMP063,2026-02-13,2.0,False,3
9727f8d4-3327-45fd-960e-6caec3934fd9,EMP063,2025-08-17,,False,1
1031da57-d9d2-4f25-b026-d798193022ee,EMP064,2026-02-13,3.0,False,5
9d15e45d-b71e-4aa4-abfc-16d3c5840083,EMP064,2025-08-17,3.0,False,4
8207e34e-4161-48b7-a6bc-6d2183a36c1d,EMP065,2026-02-13,5.0,False,4
7246f469-0f95-4a94-a0ea-d387389486fa,EMP065,2025-08-17,,False,4
241d3c90-e9cd-4a64-ab4d-86ef59825425,EMP065,2025-02-18,3.0,False,4
99686c4b-7b5f-4b95-baa1-0678abde4cbb,EMP065,2024-08-22,5.0,False,4
e0a5ce92-0d35-4c39-87f3-8c0249c2f0b9,EMP066,2026-02-13,1.0,False,2
7efda5a2-5199-4308-a976-9b5db240548c,EMP067,2026-02-13,3.0,False,5
d1d1e9b2-bf1a-46a9-b862-e1f3f7a3b173,EMP067,2025-08-17,3.0,False,4
04a72308-5157-4806-9c1a-6af0256982cd,EMP067,2025-02-18,5.0,False,5
d43ed4a0-c35e-47de-a621-9b742e20e5fa,EMP068,2026-02-13,5.0,True,5
2560654c-bbcf-465b-84e3-e3a8447c1131,EMP068,2025-08-17,5.0,False,4
a24a6132-e070-4ce9-987c-d54a2ffc4c61,EMP069,2026-02-13,2.0,False,2
043bc7cb-8b6f-4c1c-a9fc-5f1dfce5f275,EMP069,2025-08-17,2.0,False,1
b8b1fb2e-8c3f-4f98-abff-2e6fdfddf0a4,EMP069,2025-02-18,,False,2
d335c471-24aa-4c71-a194-a61bf4bbc5a2,EMP069,2024-08-22,1.0,False,2
a1cd04e1-27db-4276-aeb4-3b5a709f8e5c,EMP070,2026-02-13,5.0,False,5
97d56dfc-43be-4f1f-9df1-78e0182a8b90,EMP071,2026-02-13,4.0,False,5
08e58bd0-3e37-41b5-a1d7-5093c7026299,EMP071,2025-08-17,3.0,False,5
ce819260-0c84-45f1-b997-a73f60e53b07,EMP071,2025-02-18,5.0,False,4
f2104221-1078-433c-b2b7-6f646b9305ee,EMP071,2024-08-22,,True,4
db218d34-d9a6-4691-afec-9f7603e222a0,EMP072,2026-02-13,1.0,False,2
c0857279-31f3-449b-8515-1c298d56af9f,EMP073,2026-02-13,3.0,True,4
e2b4fb07-1eac-4899-8d92-ceee1cc29508,EMP074,2026-02-13,3.0,True,4
afc0791f-2c71-4ef6-a675-d9d966fc3fd2,EMP074,2025-08-17,5.0,True,4
cf42df76-2f1e-4cef-9da4-f261e488dc5f,EMP075,2026-02-13,1.0,False,3
ee1a65f4-83e3-48bb-965c-85d3469acb96,EMP075,2025-08-17,2.0,False,2
c468c93c-126c-4110-a139-a7e79959b1f6,EMP075,2025-02-18,2.0,False,1
49642ad1-de49-43e9-9cf9-9670fead1f13,EMP075,2024-08-22,1.0,False,1
9cbf85d6-7e23-4647-b941-4b94ebb3b017,EMP076,2026-02-13,4.0,False,4
3ea192e7-d9f3-46de-b9da-671ac0aebaf1,EMP077,2026-02-13,5.0,True,5
8522238f-c77d-4dae-8431-30f0b6d494a1,EMP077,2025-08-17,3.0,False,4
6835913f-b810-4c10-a7ab-e7b2cee8e3c5,EMP077,2025-02-18,5.0,True,4
039d229d-c154-44c6-990b-cd812064a503,EMP078,2026-02-13,1.0,False,3
33e8278f-088b-4496-b72f-1a8fd30d4d2f,EMP079,2026-02-13,,False,4
fec4bdc4-e5e6-4695-88ef-d5dbd1ec73d8,EMP079,2025-08-17,5.0,False,4
04813863-f7c7-43b5-87f3-4e6a045495e7,EMP079,2025-02-18,5.0,False,4
fa5ac1ad-430b-4378-b1cf-0a69c6fbc3d1,EMP080,2026-02-13,4.0,False,5
20ae2d18-42c4-4c7b-a9e2-c28450a2e56e,EMP081,2026-02-13,2.0,False,2
575c99c8-f56d-47e1-89b0-afba3f65c7ae,EMP081,2025-08-17,2.0,False,3
67ba7c61-9beb-4152-9c2c-9c64b2d5ded9,EMP081,2025-02-18,,False,1
18c2dbce-9242-4d08-baeb-8fe029da5afe,EMP082,2026-02-13,1.0,False,2
848d4207-2f4c-4386-8af8-29450523f503,EMP082,2025-08-17,1.0,False,3
99fe3fab-328a-42ea-8b7d-45086fb1efcf,EMP083,2026-02-13,1.0,False,2
3b00706b-ed02-470e-97aa-fdcc353cc8e4,EMP084,2026-02-13,2.0,False,1
b3eb8edb-5465-4dc2-a128-b0e5d3de6f31,EMP084,2025-08-17,1.0,False,3
af0f85c1-15e7-41ea-ace8-f47e26052c83,EMP084,2025-02-18,1.0,False,1
bfbe31df-a23c-408d-b9c5-137cf5342240,EMP085,2026-02-13,3.0,False,5
b0b4303b-bc7f-46ca-9e5e-4a720590237b,EMP085,2025-08-17,4.0,False,5
599f16c9-e5b0-40a4-9967-17064a065888,EMP085,2025-02-18,3.0,True,5
75dd1589-d192-4103-8bdc-a11abf4a8270,EMP085,2024-08-22,3.0,True,5
039f7002-5b3e-4a23-9d5c-a52961d696d4,EMP086,2026-02-13,4.0,False,4
76a13c1c-cb01-40ec-ad55-867ba60a0318,EMP086,2025-08-17,4.0,False,4
a3218f14-fde4-45a5-b042-9b4fcd9c95ba,EMP087,2026-02-13,,False,2
47199d63-294a-4793-8637-fd61bdf2efce,EMP087,2025-08-17,1.0,False,2
1c8658d6-8735-4d2e-8ef2-27ad5df51f95,EMP087,2025-02-18,2.0,False,2
679c7ae5-da0f-47e8-8fec-3b21494ca79c,EMP088,2026-02-13,5.0,False,5
4d5bf309-b449-470a-817e-b955014fa2b8,EMP088,2025-08-17,3.0,True,4
87588af9-b986-46f1-b963-0d9315850dd9,EMP089,2026-02-13,3.0,True,5
b648ef77-fda0-47b9-8dae-6a5a6ffc11e6,EMP089,2025-08-17,5.0,True,5
836e39d4-1bb0-4564-a1c4-321e0f4a2a6e,EMP089,2025-02-18,5.0,False,4
5346966e-5737-4da2-9f84-560b3edba159,EMP090,2026-02-13,2.0,False,1
d0059ed1-6f9c-489d-b460-75fbd461ba9c,EMP090,2025-08-17,1.0,False,1
0250fec8-c21a-4a8d-b1a3-135bde2f3885,EMP091,2026-02-13,3.0,True,5
051a4425-1043-4d24-a650-8911391d93bb,EMP091,2025-08-17,3.0,False,4
58308209-68ba-403e-8303-706ac110f77b,EMP092,2026-02-13,1.0,False,2
a07502f3-9e7d-49aa-81bf-74e4fd183c5a,EMP092,2025-08-17,1.0,False,3
46c6ff60-5928-42ce-aca7-cb60b7cd115a,EMP092,2025-02-18,1.0,False,1
e4d4459c-9596-4f6e-97f6-69fdf6e58701,EMP092,2024-08-22,2.0,False,2
b1a382f7-8a46-49bd-be9e-307124d08fb9,EMP093,2026-02-13,1.0,False,1
5fe47093-97f2-4399-99b6-a6bbe24de4f6,EMP094,2026-02-13,5.0,True,4
cae2aeed-a2c7-4cd1-a57b-1924a4646306,EMP095,2026-02-13,,False,5
3040eb9e-38ad-4803-9c98-f7e61cdb4310,EMP096,2026-02-13,2.0,False,1
b3f010a2-c8c2-41b2-b93c-26845d80143f,EMP096,2025-08-17,2.0,False,3
b593651f-953e-42a0-a958-dcdc4220999f,EMP096,2025-02-18,2.0,False,1
e53640fa-d63a-4fe9-bf04-42946d0818ba,EMP097,2026-02-13,,False,4
e1f0403c-c17c-4e64-b169-f997001f3f13,EMP097,2025-08-17,5.0,False,4
8d65880d-16bf-4617-85df-8e56c1adea2c,EMP097,2025-02-18,5.0,False,5
7977dd5c-aa8d-48a8-a99d-782ec7372ae7,EMP098,2026-02-13,4.0,False,5
45a073fd-1e2c-4099-8b54-b9bff262a217,EMP099,2026-02-13,2.0,False,1
5df8e24e-0e05-456a-831f-0f504b5ce032,EMP100,2026-02-13,4.0,False,5
6ee12e84-6f80-4033-8214-404fbd3a968f,EMP100,2025-08-17,4.0,True,5
1ecf47f3-3481-4ed7-9c36-d88f74ae4f4b,EMP101,2026-02-13,3.0,False,4
7eb17eb2-8f66-4428-93af-4154e3f6a9c5,EMP101,2025-08-17,,False,4
8d82c3fe-89ea-4e04-b989-589e750955be,EMP101,2025-02-18,3.0,False,4
1d1a04e2-a573-4586-a66a-c276071012b2,EMP102,2026-02-13,2.0,False,3
d8a8277a-2035-441b-94d8-0a5a466f7633,EMP102,2025-08-17,1.0,False,3
26599f58-8f6e-475f-abc6-94b2b16c4f35,EMP102,2025-02-18,2.0,False,2
01ce2d78-0e19-423d-9d4e-a8b7ed96ac96,EMP103,2026-02-13,4.0,True,5
93a442cf-34e5-4b8a-a95d-601d68024090,EMP104,2026-02-13,3.0,False,4
66bfd76e-9384-40f5-b94e-a5dcefe57a05,EMP104,2025-08-17,5.0,False,4
6ef08b13-345f-4ba5-b82f-97db5d5b4fbf,EMP104,2025-02-18,3.0,False,5
a237819f-29ae-4369-b0e3-78fdabf8e5f7,EMP104,2024-08-22,4.0,False,5
8732c8c1-0646-4a5d-8899-6a8d6ea544a5,EMP105,2026-02-13,,False,3
9467f863-42cf-427e-bf74-7d9a512c4c22,EMP105,2025-08-17,2.0,False,1
6e47afd0-adfe-40c7-84f5-16333c67906a,EMP105,2025-02-18,2.0,False,2
091207c9-8ff9-42c1-88d8-6105f6d90f7c,EMP105,2024-08-22,1.0,False,1
fbcb4409-02ec-4c81-8c63-1ca46c391e23,EMP106,2026-02-13,3.0,False,4
b5b5f2f9-2f3d-4b45-9ed4-60fc0351672a,EMP106,2025-08-17,3.0,False,4
3e35a5f5-d632-4630-8f35-4e9cd35f8816,EMP107,2026-02-13,5.0,True,5
bb542724-0f71-462b-ac85-f9597ccba3d4,EMP108,2026-02-13,2.0,False,3
6a42868b-f9c1-480b-9bf5-dea4df820f7e,EMP109,2026-02-13,4.0,False,4
76c9f2f5-5a30-4528-b82c-0ae186410647,EMP109,2025-08-17,5.0,True,4
83d037ce-d58b-4a29-9732-d84ab8f90141,EMP109,2025-02-18,5.0,False,5
99a3a9a2-5fa7-40f9-9cc5-e205b226a841,EMP109,2024-08-22,5.0,False,4
9849458f-24f2-4f2b-a699-e0cd5aadf342,EMP110,2026-02-13,2.0,False,1
76d72271-2414-44c5-9157-ee32d9d9b93b,EMP110,2025-08-17,2.0,False,3
79e8b448-819b-4267-a462-cc1730c3d720,EMP110,2025-02-18,1.0,False,2
a527e563-0b50-4a94-9825-e80201e70658,EMP111,2026-02-13,1.0,False,2
a82475f2-4b32-48f5-a2f6-b5ee725e0c75,EMP111,2025-08-17,2.0,False,3
dc890c0f-5e59-4c9b-a389-e46bc708758e,EMP111,2025-02-18,2.0,False,1
46c241f2-0e26-498c-8608-606b8dd8fc93,EMP111,2024-08-22,2.0,False,2
a007ac21-0bfa-4b30-81aa-a69dba82ba7a,EMP112,2026-02-13,5.0,False,5
98498fce-b496-4e57-8d06-e3a6f6489d8d,EMP113,2026-02-13,3.0,False,5
324aa3a7-0321-4c80-8e39-847f574bf72a,EMP113,2025-08-17,4.0,True,5
e5e3be54-07bf-4cd1-91a9-e329cae67989,EMP114,2026-02-13,1.0,False,1
4d5d0099-7ad8-4e04-8937-ac1dd33f6890,EMP114,2025-08-17,1.0,False,3
6aeac211-a87a-4774-97ab-d374a7039e8e,EMP115,2026-02-13,,False,4
616465e3-45c5-442c-8418-9f063f02f8ff,EMP115,2025-08-17,4.0,False,4
0428bfdc-fde4-49e2-80c3-dacc78cd1b10,EMP116,2026-02-13,3.0,False,4
a1113173-8500-4e7d-a32c-cd840b594c72,EMP116,2025-08-17,5.0,False,4
2f45a779-ce43-4049-b82e-22874a917b11,EMP116,2025-02-18,4.0,True,4
a4bda2e4-b127-42b5-bb8e-862b5343429c,EMP116,2024-08-22,,False,4
a881152e-3dee-476a-b1e1-1ab71ada62ec,EMP117,2026-02-13,,False,1
e045c7da-e70c-48be-a0ae-a12a2d1ae3dc,EMP117,2025-08-17,2.0,False,1
f2e90b67-aedc-46c7-891a-da544f618b05,EMP117,2025-02-18,1.0,False,2
0db21f0e-65b5-495a-8400-6c7d9406cb63,EMP118,2026-02-13,2.0,False,2
3cd691b9-03bc-4191-8a98-4b5c7361daa7,EMP118,2025-08-17,2.0,False,3
4934a858-7a99-493e-afe3-8d400f5db537,EMP119,2026-02-13,3.0,True,5
1ecc2856-de2a-4def-a90c-d136006ae68e,EMP120,2026-02-13,1.0,False,3
824e68d2-2484-47b5-8ca1-b6eaf425863e,EMP120,2025-08-17,1.0,False,3
b3c23e88-6906-406f-8597-04c787b23166,EMP120,2025-02-18,2.0,False,3
8ab3bf2c-354c-4615-997a-4218cb37b76e,EMP121,2026-02-13,5.0,False,4
7683d686-fcf4-4377-8186-bfe4ef06d670,EMP121,2025-08-17,,False,5
1feb8a33-96aa-4d76-90a1-65b688655092,EMP121,2025-02-18,5.0,False,4
1c922dad-30ff-44e9-82f0-9e191a0a7e76,EMP122,2026-02-13,4.0,False,5
92b4e556-bbbe-4d5b-983b-684c618eda1b,EMP122,2025-08-17,5.0,False,4
49ea2792-1085-42ff-be7c-b4479d991267,EMP122,2025-02-18,4.0,True,5
fedda41d-6d83-4bc8-8f82-2a6519dda7cc,EMP123,2026-02-13,1.0,False,1
f75ebb26-0705-45a3-9ea1-bf950db6989e,EMP124,2026-02-13,,True,5
c90a3eaf-d662-440b-be86-93bd436e9713,EMP125,2026-02-13,5.0,True,4
865b033f-1544-4323-b371-9f5f58dcf57f,EMP126,2026-02-13,1.0,False,3
9c256927-66b7-43e1-aefb-e8377638914c,EMP126,2025-08-17,2.0,False,1
04954cc3-136a-4c01-9ec1-db3676333a31,EMP126,2025-02-18,2.0,False,1
a8e72aa0-a873-4d3b-bbd7-959c78a2a7bc,EMP127,2026-02-13,5.0,True,5
e94b4051-b63f-40c8-bc37-21ab03f3b45f,EMP127,2025-08-17,5.0,False,5
a990bbfa-11c8-4b35-bbeb-eedb71f64042,EMP127,2025-02-18,3.0,True,5
6fdaaae0-12ed-42c4-ac92-321a9d7eef6e,EMP128,2026-02-13,4.0,False,5
3739e0c4-09b5-4232-8d14-42878ecf78a3,EMP129,2026-02-13,1.0,False,2
fda7a283-314e-479a-880d-fe351e8b2bda,EMP129,2025-08-17,1.0,False,3
a773599b-d0d8-4dbf-ad59-878216ddf60b,EMP129,2025-02-18,1.0,False,1
0cb8e913-0379-47de-9f5e-006044f4893b,EMP130,2026-02-13,2.0,False,1
21d55312-63b4-416d-9c7d-87fba8b3f950,EMP130,2025-08-17,,False,2
5059b47a-0502-48c5-88af-3add3b9205b9,EMP130,2025-02-18,1.0,False,2
f11d7c36-1c4f-440e-8994-f6bbc6e1ef09,EMP131,2026-02-13,5.0,False,5
5f9cd7bd-a0c3-42ca-8c65-56c3c5172487,EMP131,2025-08-17,3.0,False,4
7ba8f692-d1ab-4ee4-811b-547f653c19b0,EMP131,2025-02-18,4.0,True,5
c77ae347-09f5-457b-8287-02c86b0c8e23,EMP132,2026-02-13,2.0,False,1
9b8b5b72-002a-470e-bd52-b0746676be9f,EMP133,2026-02-13,4.0,False,5
4570161d-6021-4614-8d3a-f6ebc2018e5a,EMP133,2025-08-17,5.0,False,5
470ec0c4-0bb4-4b08-a7a7-1a02e5243542,EMP134,2026-02-13,1.0,False,1
9b5b5a3f-86a5-437a-b918-e5b9e06b33b7,EMP134,2025-08-17,1.0,False,3
12290957-5150-4137-a1d5-40fac2625377,EMP135,2026-02-13,,False,1
0c943862-f9b5-4d1d-9d1c-d356b29e5fa6,EMP135,2025-08-17,1.0,False,3
545ae67f-ce97-4a3f-82a2-31a118bf4428,EMP136,2026-02-13,1.0,False,2
4c0147f8-13c7-4a96-bd28-38372d699f1f,EMP136,2025-08-17,1.0,False,1
148f510f-bb94-423e-a9ef-1796f685312c,EMP136,2025-02-18,2.0,False,3
4f1c669f-ca13-4f4e-a442-e78ce9c0071a,EMP137,2026-02-13,5.0,False,5
6d95a6f3-8558-4710-956a-cdddb2a88bc7,EMP137,2025-08-17,5.0,False,5
6f21a7b9-8017-4740-a1c1-e687c98db414,EMP137,2025-02-18,4.0,False,5
8976c9f5-8d1d-4305-9fee-332069653495,EMP137,2024-08-22,4.0,False,4
095f5478-c67e-4223-9487-0b4704fe883e,EMP138,2026-02-13,2.0,False,3
e27909d8-7dd3-4272-89f9-b44694908ff1,EMP139,2026-02-13,4.0,False,4
ed08b879-1cde-46b3-9b5e-0a403659f8a7,EMP139,2025-08-17,3.0,False,4
6236941d-23a3-4d0d-8632-b3afd82b7c91,EMP140,2026-02-13,3.0,False,4
b8d814d8-830e-464c-9c14-8b1f4c5f368a,EMP141,2026-02-13,2.0,False,3
75fc7e16-cc1e-497d-b7cf-8f1e558e8c40,EMP142,2026-02-13,1.0,False,1
08ab3643-89be-46f4-bfcf-5a08cb05037d,EMP142,2025-08-17,1.0,False,2
a83d0ed3-a347-488b-b713-19af020e5475,EMP142,2025-02-18,2.0,False,3
4560ece8-7115-4487-84fd-94b7e834a8ed,EMP142,2024-08-22,2.0,False,2
d735f9cb-2ab8-464f-9c36-e61e9a28aa03,EMP143,2026-02-13,5.0,False,5
3c219950-bdfe-46ce-b00e-b743e766fab9,EMP143,2025-08-17,4.0,False,5
4c844681-e598-46bd-847a-fc3434de31a1,EMP144,2026-02-13,2.0,False,1
03556ef9-efde-4d12-a939-bb23d7a8b769,EMP144,2025-08-17,2.0,False,1
9266c583-fa9e-45a5-8ff8-e7334b8746fb,EMP144,2025-02-18,2.0,False,3
f90401cd-665e-48a3-9e1c-1808c5858937,EMP144,2024-08-22,2.0,False,2
306fca42-2732-4c9a-91f7-7949374a00b5,EMP145,2026-02-13,3.0,True,5
e8ee8fa5-1047-40bd-9c82-0476283f741b,EMP146,2026-02-13,5.0,False,4
990fb7c4-c7cd-4818-9c3e-080c0a3c3e9c,EMP146,2025-08-17,5.0,True,5
95591d05-5851-4f9f-bcbf-6520c9e4fb44,EMP146,2025-02-18,4.0,False,5
c5628b3f-81f3-487b-8159-45daf6454d5a,EMP146,2024-08-22,3.0,True,5
6db5467b-7576-44cd-8df8-406ebd6dc9f6,EMP147,2026-02-13,2.0,False,3
5bfe947b-0a93-4a19-914d-ddae2cbcb6f4,EMP147,2025-08-17,1.0,False,1
ac375175-ea5c-4689-b909-62173b4162a3,EMP147,2025-02-18,2.0,False,1
f73a807d-b8cf-4531-bbee-4403087cbcd8,EMP147,2024-08-22,1.0,False,1
1bdb0cc7-1b47-4d88-948b-2c3e6884f91c,EMP148,2026-02-13,1.0,False,1
f06dcac6-d5e8-4f15-92b0-354872ffbc5f,EMP149,2026-02-13,1.0,False,1
53338901-6184-434e-80a5-7108c5f0e9ab,EMP150,2026-02-13,1.0,False,3
82c1ad1e-343c-402a-8b56-d65f71c3b466,EMP150,2025-08-17,1.0,False,3
7e0c458d-b7de-42a0-9cc0-7957c04a2513,EMP150,2025-02-18,1.0,False,1
ea7d48e2-62c4-41a6-8fbf-e0428f3dc6af,EMP150,2024-08-22,1.0,False,2
