comp_id,employee_id,salary,bonus,stock_options,effective_date
9c63df84-6581-43de-ba37-39bced6aab3a,EMP001,98965,12441,6958,2026-02-12
623c6dac-9a13-4cdd-940f-f8f17b38d90d,EMP002,69913,282,0,2025-12-07
f8c9abba-3377-4d06-94e0-d260510fdac9,EMP002,65018,0,0,2024-09-01
fc755d4b-f4c9-480c-9544-96d539de5702,EMP003,51657,1241,0,2025-10-18
3f4b4031-00fd-4001-b4e3-0734ac78214a,EMP003,48631,0,0,2024-09-12
a9bab8ef-300b-4456-8d22-9f45a68f0c48,emp004,57271,13254,9099,2026-07-05
4d39ec64-02bd-43c1-af96-8577dfb7e98a,EMP005,107490,6310,7031,2026-02-16
add3cff5-c0da-44c7-912d-05e37f12150c,EMP005,96045,0,0,2025-01-14
62c2e983-fb48-49ef-9c42-3b4c004e2492,EMP006,64963,725,0,2026-06-15
1e6dce37-f94b-428d-995f-7be408de2e92,EMP006,59715,0,0,2024-08-13
3328d7e4-e58e-4e98-9d43-35c24d733809,EMP007,85082,13972,6118,2026-01-10
7ccb8283-5976-49e9-894b-bc3a7c8b6d9a,EMP008,75213,5378,3743,2026-04-01
1c56bba0-9d59-4db3-94a2-87058f95270a,EMP009,56648,165,0,2025-10-17
f386ae45-4117-4c7a-b211-6dab4670cef4,EMP010,74378,11140,7195,2026-01-17
0a9de7da-257d-4b71-8e1f-b9d7a245ec92,EMP010,70013,0,0,2024-10-03
d0886aba-ed29-4186-b852-0554ae7a32f7,EMP011,125417,13891,4207,2025-11-08
273f16ac-2e49-4525-9332-d70bf52fa23c,EMP012,"$62,005",642,0,2025-08-19
44e64c97-72a3-47eb-99cf-fbbfbb949736,EMP013,59939,3597,5429,2026-05-05
f21ef91c-bd17-4bfd-99cf-b3f3a62be541,EMP013,56798,0,0,2025-03-20
f27a738b-ebab-4846-953a-9ba1372cd38e,EMP014,92961,11704,7147,2025-08-13
9cf3be2b-1f4c-4e1c-a559-b76e9cf5e7ec,EMP015,77144,1428,0,2026-05-03
d73c4087-e222-4358-ba1a-01b90c6600fc,EMP016,92808,11819,3282,2025-11-26
4f627855-e6b6-4b22-8af9-8f1b5b1d5c16,EMP017,115374,4359,7327,2026-04-27
6b14cbe5-ba64-4aef-a224-e8dca952f370,EMP017,103779,0,0,2024-11-29
211dfa14-8d8a-455e-8e7e-111025b43d3a,emp018,68350,1553,0,2026-01-29
d682d70c-8adb-4aa8-852b-8c84080e9b33,EMP019,60828,13484,3734,2025-09-25
7dfff0fd-a4a6-4dd9-beb0-1936e9b0f50a,EMP019,56599,0,0,2024-12-26
af857b13-821c-4d0f-8258-ec4105ffabe3,EMP020,62684,6684,992,2025-10-28
1fb7028f-e330-46b5-a7e3-3b884b5d1777,EMP021,68338,1659,0,2026-03-24
130f0fe1-4113-4a6b-bb10-0ee0dfaa40a5,EMP022,70805,508,0,2026-02-16
466013ee-92d6-40e5-b403-7a24c9033160,EMP022,63775,0,0,2024-12-29
cbc76dfd-e667-468a-979d-0522f2076434,EMP023,57908,3667,8408,2025-08-26
540a70a2-ba99-4c15-96bc-ece6274e2eb9,EMP023,51457,0,0,2024-11-01
9542f217-8860-4c52-b09b-810a3b4a643d,EMP024,64430,728,0,2026-06-28
49859f5a-cf90-42b2-b9e2-751a789d797d,EMP024,55442,0,0,2024-11-24
6471e0ec-0f14-4b02-9e31-e083ec94bb02,EMP025,138134,4513,8379,2026-03-01
c36271b0-8fcd-490f-957d-ab664c4a8f11,EMP026,99069,5732,8738,2025-08-30
62a583dc-b51e-49e3-a321-6ff0592dfb1a,EMP027,65833,780,0,2026-05-25
902ba1b7-220d-486c-9d30-ec863d3beb8a,EMP027,60428,0,0,2024-10-31
556d9815-6bad-4d44-9291-953961eaee47,EMP028,131241,4899,5918,2025-12-28
405c886f-2151-455e-a1db-6691b87a05a1,EMP028,116914,0,0,2025-04-23
d5cb4b7c-0ee5-4446-9ac1-3ea7881cf07d,EMP029,119064,2941,8491,2025-09-22
44396f69-3b94-4298-911d-4b72ea6411f5,EMP029,105317,0,0,2024-10-12
b7719116-35ea-4811-9382-bc4313ad8250,EMP030,52692,1602,0,2025-08-31
085dda28-6b3d-47a4-8fb3-643bab1c2949,EMP030,49835,0,0,2025-04-05
61827b76-3d8d-412c-a4ce-114e67c1c6f7,EMP031,64302,2263,9781,2026-06-23
e234216e-78ca-4fa9-b392-f3bb68a9b70d,EMP032,102551,8994,2589,2026-05-06
f2ea3c71-a5c3-4985-8aa6-3d061c601b30,EMP033,999999,1731,0,2026-06-26
5e855d1d-b59d-489a-88d5-711ba21094d0,EMP033,62800,0,0,2025-03-06
8ded86db-6367-4622-bef6-3a4f59ddd776,EMP034,114834,2234,9428,2026-01-29
d46ba87a-478c-4ad7-bcde-e69db1506a8f,EMP034,100508,0,0,2025-06-16
b28d349e-bfbe-482f-9fbd-0a230e116a04,EMP035,93927,9528,2539,2025-11-24
07b103a4-6093-4b46-b7d2-714d514fa5f5,emp036,83328,578,0,2026-01-18
8fc7d0f0-9f92-480e-a2fe-1b3a6b704264,EMP036,71224,0,0,2025-07-07
0e3d67a2-61c1-46c3-9f8e-7fd7baa32a15,EMP037,122182,2071,6383,2025-08-30
4a6cea56-e25f-463a-9d11-005e1147d405,EMP038,99722,4960,890,2026-07-07
5effb69f-f440-4c3d-934b-b9a487b56a27,EMP039,,1456,0,2025-08-15
9a1f48cd-951e-419c-b8ab-51dafd51df09,EMP040,107549,13834,3689,2025-10-16
5503a83f-5750-4ad6-bf7a-56a055d31923,EMP040,98988,0,0,2024-08-28
24068c56-d1a9-41f0-b835-af43d7364370,EMP041,71294,3467,8323,2026-05-08
aec4b8cc-896f-4b85-b5c5-baf0eda4375c,EMP042,67174,1204,0,2025-11-24
7c2db2d9-9fd3-42e4-8c9e-04ffaff6a892,EMP043,80816,7087,7181,2026-06-18
32eb5da3-d6e0-4abb-8f20-a6b2e3abc7d9,EMP043,73716,0,0,2025-03-18
58bcd97b-f306-447d-9693-227b84301067,EMP044,71668,1722,0,2026-05-18
ad4c558a-3ba5-4767-b851-9cdce96cf4dd,EMP044,67332,0,0,2025-02-15
2e01be8c-70cb-47a9-9b8e-508d5562eaba,EMP045,79540,1048,0,2026-02-19
55aae112-468a-4ee5-a716-06b5c2e61017,EMP046,114803,13548,5199,2026-03-20
4e193053-d0af-4557-9363-c56e85c92440,EMP047,70562,848,0,2025-10-31
c16a827d-dc17-4a27-a7f2-9812037936d4,EMP048,"$66,016",1534,0,2025-11-25
abf56542-963e-486d-a7fe-f81fce99c25a,EMP048,61986,0,0,2024-10-05
5fd6d6b6-8467-41c0-9ad0-81de792fdf80,EMP049,136181,3945,2871,2025-09-04
bd1ca908-2ee9-4c1a-b53c-95847697c4c2,EMP049,127445,0,0,2025-03-16
e5df3b76-9148-4062-abca-bb519290069b,emp050,119350,9167,1562,2026-06-02
84ad705f-fc41-4af2-b725-52454f4fa45f,EMP050,110762,0,0,2025-04-06
89a1a422-40e2-4440-9545-ed854b04e7e5,EMP051,61303,1822,0,2026-04-16
2b3197bf-4101-46d1-a099-a808096c0c78,EMP051,57918,0,0,2024-11-09
2c29dc5b-189e-4b6a-9f7c-326160fdc728,EMP052,86572,2024,2626,2026-07-06
e7f67e53-a6af-43be-8b83-433bab15632e,EMP053,"$123,346",5336,5825,2026-04-05
a85f599d-147a-4d3a-ae44-9ceeae5634cf,EMP053,105266,0,0,2025-08-04
33b7b30a-af3e-4c65-b3ff-7b6fb982b3cc,EMP054,82513,597,0,2025-09-10
fac3bf91-ddf5-4c64-a3df-e87c22a9f336,EMP055,135075,2338,3749,2026-01-25
94630b55-8a97-4b61-a74a-79e2e10eaeef,EMP056,101086,6949,6674,2026-03-15
9729b56d-f434-4d09-a2e9-2bb6ecbea2ad,EMP056,93519,0,0,2024-08-24
bbd16157-d21e-44b6-98de-a81e5606664c,EMP057,67241,101,0,2026-02-05
2c39b784-fe85-42a5-b921-a23b656b311e,EMP057,61988,0,0,2024-12-14
a9d092f7-aad2-4441-92f5-4c8af5a5e10f,emp058,58278,3707,3365,2025-11-17
3dc68cca-8e02-49a8-9fe9-bbf3afedcaa5,EMP058,49705,0,0,2025-05-23
a2540426-c79a-4a87-9c23-2ac71f1a07cb,EMP059,129168,2880,3651,2026-06-20
0a466073-d92d-49d0-ab84-479a684e5ea2,EMP060,48520,1900,0,2026-01-15
4f81a401-80ba-4eb8-a8f4-b249e3540807,EMP061,127616,2421,6841,2025-11-17
969bf3ba-6728-48ff-9fce-474c5baa895d,EMP062,117757,3330,2887,2026-03-17
c8259485-64d0-4790-b72c-abe91ebfcd92,EMP063,"$51,005",1401,0,2025-09-13
19a25764-01e0-454a-ab16-f0c00199d5dd,EMP063,46260,0,0,2025-02-14
53490a0b-7ab5-430b-a158-4cfbc04656b5,EMP064,76981,4669,6552,2026-03-19
910bbaeb-617c-4688-a4ff-ebe784e787ce,EMP065,102137,12468,4322,2026-03-16
650fd1ae-cd16-4c2d-9c0c-8a6ac367ddc3,emp066,56989,797,0,2026-07-05
b86fec21-b746-417e-ad59-2e29b596f443,EMP066,53798,0,0,2024-10-24
53a8acf3-dd50-41dc-a5e4-6259c3a668d8,EMP067,"$115,231",5504,9174,2025-10-27
6ddf93c2-971e-421c-b6f6-8d33eeb1e559,EMP068,"$79,530",14002,9972,2026-06-24
a121fe48-d42e-4457-b9be-a344006e0ad6,EMP068,70954,0,0,2024-10-05
79c27957-3bd9-40a2-9a24-69a74bc572b3,EMP069,55822,331,0,2026-02-02
4bf398b9-e25b-4da0-a5c3-9551001deeaa,EMP070,107724,10062,8956,2025-09-19
47f20df7-3770-43d7-8ed9-594e33014dfb,EMP070,95547,0,0,2025-08-10
08474923-f1f9-4104-98e9-227e521f83d7,EMP071,"$105,991",6726,5,2026-06-07
5394a304-7c13-44c4-8731-ee7f3fbabaf2,EMP071,93767,0,0,2024-11-03
4f140d1c-47fe-4a02-af82-63a7b5a3f3fc,EMP072,72079,1793,0,2026-01-18
aee7ce29-5b94-4492-b784-64abb96f7209,EMP072,67398,0,0,2024-09-03
4640b175-064e-4a7e-bf53-caf7e37a5bef,EMP073,95960,4971,9822,2026-01-13
27da8315-ad3a-4075-864c-6389c27319f8,EMP074,94671,7076,5863,2026-04-25
51add2e2-a363-4452-b75b-90a849d0ebf1,EMP075,69436,29,0,2026-03-12
ded92a27-cc1c-49c0-b8ac-9b67489db976,EMP075,63059,0,0,2025-06-02
fbc990db-dafb-4d7c-8938-b53929c8cfa2,EMP076,106652,12918,8958,2025-09-11
2b1ff985-0a56-426d-9fe1-c4d2f373e20f,EMP077,94569,10555,6038,2026-03-17
90b949bd-50e5-4b0f-96c0-7353727daa8a,EMP078,"$55,447",1015,0,2026-06-26
623f54e3-c8c4-4280-9345-616d7f8de682,EMP078,48143,0,0,2025-07-09
d67561f7-057d-43f0-a569-d5aca361d40a,EMP079,70875,14489,147,2026-01-17
a83685cb-7a94-4397-8e84-de94fda23ac4,EMP080,111511,8915,9707,2026-02-28
cd02ba75-c754-44ae-9751-42ed9098743a,EMP081,"$48,067",1949,0,2026-07-07
ce66cf8f-4817-443c-a3bb-ad9e534920ff,EMP082,67633,1692,0,2025-11-16
cbe74270-8077-443e-baac-51830eae5e5a,EMP083,49556,556,0,2025-12-29
bd9dd0fa-10da-4374-a7bc-77694842136f,EMP083,42230,0,0,2025-01-12
2ecfd952-d79d-47bd-a6a2-4ca7e0810297,EMP084,75255,596,0,2026-03-23
824bec4d-9f54-43c1-9c24-517fa2008783,EMP084,71139,0,0,2024-08-23
633114e4-1ece-454e-badc-ee84bcb57fb2,EMP085,118028,11427,8267,2026-01-24
16614485-c5d3-4ee7-b2fc-99e785f94f3a,EMP086,139623,10120,2600,2025-11-15
9e25b5ea-70ea-4a8f-9cd5-24facd5ad34f,EMP087,70674,1822,0,2026-06-22
fc89838c-da55-4407-81d7-24f37a96b83a,EMP088,"$69,320",4095,3465,2026-04-03
3ee728ab-33d2-4f7d-9deb-6d4867eaf829,EMP088,59538,0,0,2024-11-25
e3e2b7b5-c456-4c7e-a2b3-0073a5d6e3ed,EMP089,130728,12222,8579,2026-04-23
cc2c2eb5-3b05-4497-bde2-59eb9666b496,EMP089,118524,0,0,2025-05-08
ff5f5152-3bed-4807-93a5-0fc1082029d4,EMP090,72716,1785,0,2026-02-28
7cf45868-e0d7-4dd6-80aa-5b8cae9c206f,EMP091,68561,13503,4981,2025-11-06
95b41e46-7ba6-4a94-ad8b-daf864269daa,EMP091,61035,0,0,2025-07-11
61307017-0b1d-4976-96b2-dd61fb18004f,EMP092,51286,928,0,2025-11-18
49ec0547-6bda-4873-9f9a-6efe64588acf,EMP092,43822,0,0,2025-07-08
29ca4e5c-3464-4c31-99f7-1b79b9aa5997,EMP093,72500,692,0,2025-12-30
1a8c0c4c-6ed2-4db0-8418-d684669bfb4d,EMP094,125922,4741,4040,2026-02-06
d1387aa4-0fe2-40d7-ae44-f1484a1ade32,EMP095,74191,11889,9402,2025-08-24
0ff24100-7373-4504-9ea0-43576c4fffd8,EMP095,69186,0,0,2024-08-13
6d353fcc-4daf-4b5a-a2fa-884f11c132df,EMP096,52158,1330,0,2025-12-16
231f8a98-366f-4d21-9879-1a9998f2263a,EMP097,96253,3790,2281,2026-05-12
1cbcb4ba-c4ac-4c6a-9059-147eaaa0bf31,EMP098,127466,2931,4747,2025-09-15
caf7cf6e-9da1-4bb8-a897-511b5ac25fe6,EMP098,110839,0,0,2025-06-02
9aa6dde0-c798-489f-ad39-e50ba1c6bf75,EMP099,82121,1069,0,2026-02-26
a006ef08-6207-4c5a-8cae-69753d663890,EMP100,126131,5104,1834,2026-01-14
3342f52e-6034-48b7-84da-49f9385237f1,EMP100,117226,0,0,2024-10-05
2d8facbb-4559-433c-84a6-05cbdcc00a52,EMP101,74714,8957,5168,2026-05-06
f6823c02-dce9-4b94-9092-6141c011e7f3,EMP101,64379,0,0,2025-02-25
05a641c8-7ff8-4d2e-917e-11456fc9ab9d,EMP102,61446,1395,0,2026-01-20
d2f6f767-e3ed-4d18-ba1e-fc8aa4d90eb6,EMP103,,13735,2450,2025-09-22
98b7e18f-e6e4-41ee-8ac7-649eb89386d6,EMP103,69447,0,0,2025-05-23
e04a47a1-9726-4f7b-a5b5-c8072851781f,EMP104,119974,8140,965,2026-03-14
8caaf299-afb5-402f-9d52-69aabc2dc774,EMP104,107324,0,0,2024-10-03
7be27014-39e4-4954-b021-4a8ecb8f8e59,EMP105,50303,860,0,2025-10-12
5f4e1433-c1b2-4082-965c-f672e5efd44a,EMP105,46267,0,0,2025-04-04
b621785d-ff5d-4c88-8569-90880be9e34f,EMP106,63345,12884,4694,2025-08-15
8614c5d1-359e-4ce0-b19b-1cc39bf97d41,EMP107,91004,4928,9198,2025-08-12
3b3718b1-b9b8-4505-a244-13c2619117c6,EMP108,"$77,267",1577,0,2026-06-12
e7c2f5d6-0622-4ea4-8989-d71438467e1b,EMP108,67803,0,0,2025-07-02
7614674f-e7a5-4248-8fae-a918bcab93ce,EMP109,87159,5116,5248,2026-06-20
f7ac19a4-edbe-43d0-8853-0e00fd9052b0,EMP110,82441,189,0,2026-04-19
4a7cf80b-4715-4777-9a25-8b52c630aedb,EMP110,72635,0,0,2025-04-02
bcf6e3bc-99f7-4314-9e0a-3c476cf7b1ea,EMP111,63690,803,0,2026-02-17
9b911d74-9490-49c7-b485-0b121072a35a,EMP111,57120,0,0,2025-05-29
e712a2b0-0c3d-4a1a-a239-9ac6beb76a48,EMP112,79966,4643,9912,2026-06-06
17547916-4e4d-43d0-8315-d45c0f11f238,EMP113,83195,8712,851,2025-08-26
4f89ead0-6d1d-4ad8-b080-b31a304ce3dc,EMP113,75049,0,0,2025-01-19
410e6b30-e30e-46d3-9f27-ed750c466f84,EMP114,51579,1394,0,2025-09-08
e353f99f-475e-4669-bb2e-bf02bafad370,EMP115,93172,3581,1598,2025-12-28
691dda68-37be-4c25-a789-4aa614a54376,EMP116,"$118,650",4379,6508,2025-10-05
d1ef367b-bcf7-4417-bb6d-fea22e1227df,EMP117,84802,1952,0,2025-08-19
109e1717-152c-456a-847d-9f2ad38ea274,EMP118,84725,1877,0,2025-09-19
ed3d4d84-68ad-4745-aeb3-5c9a05f6ca87,EMP119,83701,12677,5403,2025-11-19
d795288b-e715-484a-abc5-555659ea9f67,EMP119,75375,0,0,2025-07-04
127a43c7-ce74-4223-bd49-b8df3e78ec33,EMP120,67945,1656,0,2025-12-07
85274002-bfa1-49e4-b6d3-0edca7954c82,EMP120,58911,0,0,2025-08-03
4544c008-cd72-4db6-89dc-6b25a18ad3d8,emp121,"$101,816",14776,4470,2026-07-06
14715d8d-3d00-4399-ab88-b30850c429f9,EMP121,87480,0,0,2024-12-21
d1bf18c5-7166-4ad1-82b4-158e7344808b,EMP122,113797,6916,362,2026-01-25
ab45e359-6185-4c18-ac01-3cd6bf7525f9,EMP122,104800,0,0,2024-08-14
74ae4f81-360f-49b1-9516-f14860d02542,EMP123,70673,1085,0,2025-11-20
2d5b7235-f0d3-4f63-8770-f27c2fc883da,EMP123,62904,0,0,2025-05-14
46cd4b71-1a7d-4813-9d88-070850ce5e3a,EMP124,120140,14044,1058,2025-11-24
683b77a9-5638-403c-bdd3-8f7d21941d3c,emp125,"$104,237",5335,1748,2025-10-05
6f7d91d7-9941-4e15-a466-796d0edd93bd,EMP125,97112,0,0,2025-07-25
3833b475-268b-473e-990b-2d94279d3c4c,EMP126,71098,1222,0,2025-09-23
0f114457-7b5b-4393-9578-08705f5cb1f6,EMP127,120076,13029,5615,2026-03-11
c8eb656c-4c76-4497-aef6-b36bd1c05040,EMP128,130631,3411,5281,2026-05-13
16eb9d43-f02e-4645-91c9-8fe97160b37e,EMP128,117749,0,0,2025-05-31
556f5732-fa2b-47ef-820b-871017c74354,EMP129,58414,1505,0,2025-11-03
0f7c7f91-0cb6-471b-8292-a7fea8af5df9,EMP130,49760,1122,0,2026-05-21
84a02a01-8f4f-46f9-a315-c1f0b424f473,EMP131,76323,4015,2718,2026-04-26
8e809d24-67d1-4599-8b73-64a7d6a3cec1,EMP132,70560,330,0,2025-11-10
6a1ac098-750d-474f-a425-cdf1810a10d3,EMP133,62861,10516,4854,2026-03-04
7aca6859-ef32-4498-81d4-d1471b0d140e,EMP134,68850,1074,0,2025-09-02
63a9f29f-0424-4967-bb87-b955378a28b7,emp135,82001,1024,0,2026-03-02
6cca24cc-47fc-4b2b-948b-65c14f093d9f,emp136,47073,860,0,2026-04-14
19d4193e-5745-48c5-9e5f-7a3a3f619b2d,EMP136,40656,0,0,2025-06-27
21dfff0a-e363-41e3-989a-e8621540c7f8,EMP137,114310,10384,5963,2025-09-27
b4861449-d75a-4b09-95ca-4d997f01a797,EMP138,"$47,576",686,0,2025-11-04
daa88827-5cdc-4b60-aa70-605a4cb2ec79,EMP139,115051,6768,6679,2026-02-28
d4dcc860-8ae6-4d94-b3ff-805cfe148296,EMP139,102168,0,0,2024-11-27
afabc586-8afb-4bef-90df-cb43c8fafa4a,EMP140,92696,8033,4631,2026-02-01
3faf677e-4ba0-4696-97e3-639b3cbbd848,EMP140,85675,0,0,2025-06-24
e9500590-eab4-44bf-9169-bf460ddde37b,EMP141,75280,667,0,2026-06-21
0b55ddc4-489b-4324-b223-da3e3cf5a0bc,EMP142,70203,285,0,2026-04-30
25a81d50-2c34-49b3-b0c4-9a04a7f75752,EMP142,61252,0,0,2024-11-17
08a97d40-653f-46cf-9279-37286027843c,EMP143,133147,8358,3509,2026-04-21
c504d875-3794-4ab5-b1fd-29f895abf771,EMP144,77261,1339,0,2026-04-03
e6bc3830-b73a-4992-b597-012b148a04c6,EMP145,"$117,337",7803,2513,2026-03-03
d949843e-f637-49c9-8b1f-1056825ea2b5,EMP145,110111,0,0,2025-06-18
a38d42cf-e839-41d3-865c-7b5bf824c425,EMP146,88287,12097,8940,2026-04-01
fb0f1aa3-87c4-4410-844d-839112ee5ad0,EMP147,73365,268,0,2026-02-05
c1010e32-3a7c-4a5a-8ccf-6235bb048efe,EMP147,66585,0,0,2025-01-22
7228ba2d-121b-456a-91bc-7c3830299306,EMP148,65891,879,0,2026-02-03
8388bbe4-40bd-4758-9b0b-e7987be36eee,EMP148,58213,0,0,2025-06-28
cfb4de51-5bbc-4554-8294-6ce8fb87ebeb,EMP149,78940,707,0,2026-06-04
dfb7090b-d99d-4d32-8529-b74e5f192990,EMP149,68672,0,0,2025-08-04
88a684a5-d965-44d5-b2a6-bd59a044e5ee,EMP150,51005,266,0,2025-10-16
1fa40a9a-8128-4cef-bfd2-abf02c13b4f1,EMP150,45970,0,0,2025-01-03
