event_id,employee_id,training_name,event_date,completed,score
be0c1b18-bafb-4fd5-be78-4b30fd6704ae,EMP001,Leadership Skills,2026-07-23,True,89
f14ffbf2-5c9c-4c43-b2d0-fce2793387b2,EMP001,Security Awareness,2026-06-06,True,100
902484b5-ced3-441f-bc68-b1b410d18371,EMP002,Advanced Python,2026-05-24,True,73
453f6af9-bdcc-49d7-bffc-4d03d586fc36,EMP002,Security Awareness,2026-03-28,False,55
a9d2c94f-dcbe-4bac-b64a-e81efb1df760,EMP002,Leadership Skills,2026-04-13,True,75
787ebbb2-6156-4146-8f98-a1af128ed054,EMP003,Security Awareness,2026-06-04,True,51
19ea98b3-9a54-4657-b3a7-557fb8093dc4,EMP003,Advanced Python,2026-05-28,False,68
64fe878c-7b3d-4ac5-905c-b23854d30d40,EMP004,Project Management,2026-06-12,True,80
98ea8613-b8b8-4234-aabb-5c664ee3f914,EMP004,Security Awareness,2026-07-01,True,84
8ffbec9c-b1d6-4c6c-800a-a2cfdb9bd4c3,EMP005,Compliance 101,2026-03-15,True,82
41eda8a9-93f7-435e-98df-9310ca71afa0,EMP005,Project Management,2026-04-18,True,92
25e98e2d-47e2-43ce-a5cd-986a35bee23a,EMP006,Advanced Python,2026-08-02,False,69
b5211dea-031e-4a9f-ad55-2b93e6c40091,EMP006,Security Awareness,2026-06-28,False,64
9ff2e265-f30a-43d1-877a-87fa31f5f99c,EMP006,Leadership Skills,2026-07-14,False,52
348eb665-e57e-4f27-af44-389cd4b6cd11,EMP007,Compliance 101,2026-03-10,True,85
05906192-044d-4998-84e5-8fdbd0af3a20,EMP007,Security Awareness,2026-07-03,True,99
c7a82f29-f91b-431c-bca9-da25155ad85c,EMP008,Advanced Python,2026-06-26,True,98
e1436f1f-a19e-4e06-9975-879fe45c97ed,EMP009,Security Awareness,2026-05-20,False,56
fd13e209-6499-43f8-ad84-abe54bcebfd6,EMP009,Project Management,2026-06-04,True,74
f932130a-75a7-4dbe-a239-85284e165395,EMP009,Advanced Python,2026-03-05,True,69
2e4a5a9d-795d-410e-bb96-d416edeabdc2,EMP010,Security Awareness,2026-02-25,True,87
c44deb89-07f5-4ebf-91c5-0f5ae0e6aa77,EMP010,Project Management,2026-07-05,True,80
cce51f48-101d-4740-abe0-cbc31c12dd00,EMP011,Project Management,2026-03-31,True,97
e300c7ef-2ad2-4d52-abdd-91d89fcc014f,EMP011,Leadership Skills,2026-04-09,True,98
80544bab-b5f6-42d3-a48c-cc102bf9bc58,EMP012,Project Management,2026-07-29,False,63
a3766d08-b403-49d3-9e6e-9257775e759c,EMP012,Security Awareness,2026-07-21,True,50
6dd3aed6-3ad0-4d01-a221-f8ff10f77222,EMP012,Leadership Skills,2026-07-02,True,69
c67dee3b-88f6-4ea8-b302-44515066bcac,EMP013,Advanced Python,2026-04-30,True,82
0a6ab505-edd4-4790-9227-5d5d6cd8fdad,EMP013,Project Management,2026-04-24,True,92
245e7944-346d-42e9-ac3d-fc07d18bd324,EMP013,Leadership Skills,2026-06-30,True,94
39d09e43-953b-4cc9-8dd4-6745e364577a,EMP014,Security Awareness,2026-03-30,True,81
39684960-5e45-4fcd-a672-0068a6c7452c,EMP015,Advanced Python,2026-06-08,True,67
afff707a-c5eb-44fe-9cec-5d85f89e5ec5,EMP016,Security Awareness,2026-06-19,True,83
1beed22a-630a-498a-8062-ee83eea4f746,EMP016,Leadership Skills,2026-05-29,True,99
5e046a00-b94a-4b8c-ac85-d6346b6069d0,EMP017,Compliance 101,2026-02-15,True,85
02553dcd-3067-4441-9320-08a6cf74666f,EMP017,Security Awareness,2026-06-26,True,82
a7fe6796-06b0-4aa9-b95c-913f038428e8,EMP017,Advanced Python,2026-07-02,True,94
d9c68aea-3772-4edb-9321-facf28e495b2,EMP018,Advanced Python,2026-04-14,False,58
bc48031f-f116-4e81-8bb9-e9c225569eb0,EMP018,Security Awareness,2026-08-01,False,56
d133787d-7d07-43d4-ab70-bd00adb336cd,EMP019,Project Management,2026-05-09,True,82
e90c4759-8110-476a-a420-67a1c48f921b,EMP019,Advanced Python,2026-06-20,True,93
47b92889-fa86-410f-b4d1-5a555b7dba32,EMP020,Security Awareness,2026-03-31,True,96
2cc8608b-cfb2-4aac-b5e7-9ab2d8380bf0,EMP020,Advanced Python,2026-02-14,True,92
fa12a609-0b75-40bd-af92-0ecfb03eba27,EMP020,Project Management,2026-03-11,True,97
c482b535-b89d-4f21-9e6b-45f810b050a5,EMP021,Leadership Skills,2026-06-06,False,66
61505ab3-2508-4814-8ac1-ce284b789b3b,EMP022,Advanced Python,2026-05-10,True,65
fc6afe66-577f-4709-a447-fad694769967,EMP023,Project Management,2026-04-08,True,88
b069d2b8-c115-4510-98ee-69afcb20cb44,EMP023,Compliance 101,2026-04-21,True,94
37506a39-c06b-4739-9224-52afa7dcb17e,EMP024,Compliance 101,2026-07-30,True,59
a8822f2a-8c0a-4b03-85c3-1b6870a7ae00,EMP024,Advanced Python,2026-03-03,False,62
983a1a5a-8625-4f59-b532-bc28055304fb,EMP024,Project Management,2026-05-10,False,74
a8078e3d-afec-4abc-8303-959d792da11e,EMP025,Leadership Skills,2026-05-08,True,95
93269526-f5a0-42a3-b163-34bd90d40b48,EMP026,Compliance 101,2026-03-17,True,86
eef37333-7000-41c7-8e80-4709d0579465,EMP026,Advanced Python,2026-07-17,True,85
4cac06c5-6de0-40c4-9537-6439adb20710,EMP027,Compliance 101,2026-03-04,True,50
677cdcc4-449b-4b0a-9796-46fa2c68c4d9,EMP028,Compliance 101,2026-07-21,True,95
ddcdb9e1-e051-4d90-bd7f-8fe48e536295,EMP028,Advanced Python,2026-04-15,True,94
2e48c729-e04a-4d08-9733-ff903cb76cba,EMP028,Leadership Skills,2026-04-07,True,93
d7347378-dd93-4400-8c36-37506bc7d5b0,EMP029,Leadership Skills,2026-06-17,True,94
c74fd26b-ac7b-41f6-b572-6f5886e3317d,EMP029,Advanced Python,2026-03-31,True,93
e3178f9f-d8c1-46d3-a4ef-8cdc2acfd9a8,EMP029,Compliance 101,2026-06-20,True,91
f8185fc5-1300-49b2-8afc-988a96e99b47,EMP030,Leadership Skills,2026-06-22,True,63
bb5808df-fa18-4726-96c8-10a56105843f,EMP031,Security Awareness,2026-04-05,True,88
5d96b8eb-4f91-47e7-9002-8a1e40d807ee,EMP031,Project Management,2026-03-22,True,84
0f14a1d7-c973-4d75-a622-3defce8fc2d9,EMP032,Security Awareness,2026-04-30,True,100
15fc8f7f-b337-48d6-a24b-db3215856ac0,EMP033,Project Management,2026-02-16,True,75
a65b7ec2-d1b5-4d60-b026-57af13fced76,EMP034,Advanced Python,2026-04-18,True,91
9b6d83eb-05be-4b31-856e-3ba32c3c6192,EMP035,Project Management,2026-06-30,True,89
0786c3ea-3ebe-422b-86b7-e84dc23568ee,EMP035,Advanced Python,2026-04-21,True,98
018d1091-1f18-410f-82cb-cb04175581fe,EMP036,Compliance 101,2026-03-09,False,71
3ad8be0b-51e6-49d8-a9e7-53c8db9c867c,EMP037,Compliance 101,2026-02-23,True,100
0ce4935b-9f1d-45ea-a6fb-a842830651fd,EMP037,Advanced Python,2026-07-13,True,83
60e4bfd4-e7ba-464a-8d4d-507d4dc5ca26,EMP037,Project Management,2026-06-27,True,100
dcada3c3-f4c7-4cc9-8be0-013b1061cbde,EMP038,Leadership Skills,2026-05-19,True,82
e647a131-a73e-49f6-b13b-29afc3475f3e,EMP038,Compliance 101,2026-02-27,True,98
d8369678-26bb-4f78-ac65-f95c5f3c0ea8,EMP038,Security Awareness,2026-04-03,True,85
091ff8ed-078b-425a-813e-26916d47ad61,EMP039,Leadership Skills,2026-03-11,False,50
6ae2a447-505a-4c57-af40-da340ff1593f,EMP039,Project Management,2026-03-26,False,66
01620376-0af4-40e9-910b-db8d89589657,EMP040,Compliance 101,2026-07-26,True,86
7e897c88-a1d1-4c01-8a4c-34717093b90c,EMP040,Leadership Skills,2026-05-21,True,97
c3ee02c9-07c7-4bcb-81ad-7c31b1ade920,EMP040,Security Awareness,2026-02-19,True,94
91f94547-993c-490d-935a-779b098f23b6,EMP041,Advanced Python,2026-04-19,True,83
219fc414-a9f5-4d73-a525-a61850a72421,EMP041,Security Awareness,2026-02-23,True,82
50888826-b570-4bbe-83ea-937620dbf0f5,EMP042,Advanced Python,2026-05-02,False,52
8dfcc2ad-bee7-412d-a94c-94c47602249e,EMP042,Security Awareness,2026-03-06,False,69
6aa5e263-762c-4040-a592-4f80faa054ac,EMP043,Leadership Skills,2026-03-05,True,98
44c54bd2-f01d-4829-a058-974ff477faef,EMP043,Compliance 101,2026-05-03,True,86
831c7ee0-dbd4-4656-8cdc-6784c729aefe,EMP044,Compliance 101,2026-03-13,False,56
a124a7ba-f475-4649-85db-52eb97372881,EMP045,Project Management,2026-06-26,False,53
2a88622a-c3d2-4b9f-b733-c9da1a59c484,EMP046,Compliance 101,2026-04-24,True,83
863359c1-7c22-4e04-bf86-3282644daa4f,EMP046,Leadership Skills,2026-02-21,True,89
874fb934-61fd-4178-811d-e042f34ba1ff,EMP047,Leadership Skills,2026-06-01,False,57
e67f8dbd-9de5-4ce1-b468-789a5d7f7e5c,EMP048,Compliance 101,2026-04-13,False,68
5eb4a2d5-c15d-4891-9e18-4ce4005e2329,EMP048,Project Management,2026-07-13,True,67
0e8675b1-c14a-4f0f-998b-c9abb990c17b,EMP049,Security Awareness,2026-06-24,True,90
504bd6f3-534f-4d5d-bff7-8a4f353576b2,EMP050,Advanced Python,2026-06-03,True,85
9f4a1cdb-1676-47a2-b506-36afcb9d48e5,EMP051,Advanced Python,2026-03-31,True,51
c6a72de4-1a18-45d8-9e58-cd615526a4ab,EMP051,Project Management,2026-07-07,False,75
39e3675e-b8a5-4b49-8127-eee0fd0e166b,EMP051,Compliance 101,2026-05-02,True,66
2a9467ad-d5af-423b-9dbe-929bb67de9b2,EMP052,Compliance 101,2026-03-04,True,84
ec4cea52-d198-4fd5-8c23-3af62a4116fa,EMP052,Security Awareness,2026-06-15,True,95
2674e82c-1dab-4593-a623-9065816abd29,EMP053,Advanced Python,2026-04-18,True,91
476b997a-4200-42c3-b74a-658baaf7ea76,EMP054,Project Management,2026-03-21,True,53
3207dc4c-fa3d-453d-911a-293a733be9a7,EMP055,Project Management,2026-04-12,True,90
739b6965-ce00-48ef-bee8-bc76c40e121d,EMP055,Leadership Skills,2026-04-05,True,100
c737dcbe-323a-421f-84b9-2745b66bb736,EMP055,Compliance 101,2026-02-28,True,81
a178a2a3-8aeb-4521-822d-daff14a636d9,EMP056,Advanced Python,2026-06-30,True,99
f918f348-a704-4ae6-a413-fa56bdb22e1a,EMP057,Project Management,2026-02-24,True,54
cd6d9b32-a385-4409-89e9-370698c94da2,EMP057,Compliance 101,2026-08-01,False,59
0600a922-b9a6-421c-8395-0feedfa52b05,EMP057,Leadership Skills,2026-07-31,False,52
546e331c-8c18-4a26-b174-b599204a71c9,EMP058,Leadership Skills,2026-07-15,True,86
151af400-eb89-45b5-aefd-8a908d8e71d2,EMP059,Leadership Skills,2026-08-02,True,88
0afa7540-3717-4f2e-a537-7fbc38784376,EMP059,Advanced Python,2026-04-22,True,89
7fc8e557-f6c8-49c4-b5c4-f7ceeac20c0b,EMP059,Compliance 101,2026-03-07,True,93
d3dd310d-7786-4791-b12a-e4f6e84199d2,EMP060,Security Awareness,2026-06-09,False,56
a689ee8c-7f26-454e-9cc6-b080357a53bb,EMP060,Project Management,2026-02-16,True,61
99074972-8166-455e-a4af-95d6ef073c68,EMP061,Leadership Skills,2026-06-02,True,94
c8252c8c-f621-4592-af15-09f101496955,EMP062,Compliance 101,2026-05-21,True,87
2920ffcc-99d8-4814-a324-4b872cd47a3c,EMP062,Advanced Python,2026-07-30,True,88
db46cd37-1d79-4ef5-824a-8ac974fd998b,EMP062,Project Management,2026-06-12,True,87
5c3efbb2-f9f6-44c4-8fe2-fec5c2f82e46,EMP063,Advanced Python,2026-06-09,True,69
75882482-178d-47de-9995-db583413a3b7,EMP063,Leadership Skills,2026-05-24,True,57
5af6b4f5-eec2-455a-8b75-ac856af074eb,EMP063,Compliance 101,2026-07-12,False,67
a786cb06-8287-4623-bc0d-16b913ed5b59,EMP064,Advanced Python,2026-07-24,True,99
c5e3e29f-2b95-46b8-b2ea-ec10ae2c6b03,EMP065,Security Awareness,2026-06-07,True,82
3a0ea858-787e-4c9f-b0aa-4932b3db3d16,EMP066,Advanced Python,2026-05-22,True,50
3d6b6ed3-b9d3-4704-bd8c-7940e0ecfcc0,EMP066,Compliance 101,2026-07-25,True,58
5e233d83-da65-4f9c-b1b8-f22ddceadf88,EMP066,Leadership Skills,2026-06-09,False,67
139523b4-9131-4b01-85d3-f11c615dc6c3,EMP067,Leadership Skills,2026-05-26,True,89
4900762a-f44c-4a12-b8e9-565fe6fa44de,EMP067,Security Awareness,2026-04-04,True,81
a816fefe-f2cc-4328-8e96-21fb8792b255,EMP067,Advanced Python,2026-04-11,True,94
ff729488-13aa-4ba5-a838-c16862aab105,EMP068,Project Management,2026-06-11,True,96
08eeb41f-32d9-435e-bb8e-6662b90ffbc5,EMP068,Advanced Python,2026-07-10,True,99
15fc8657-5d31-4202-b8c3-a66fe505ce68,EMP068,Leadership Skills,2026-06-21,True,92
b700e810-4f25-40ae-8951-7a452046eb4f,EMP069,Security Awareness,2026-04-27,True,61
2119c91b-9cc5-41c9-aaeb-ec57b263248d,EMP069,Project Management,2026-05-27,True,68
dd4a6cdf-64a0-4582-ba74-a744b49f2556,EMP069,Leadership Skills,2026-02-21,False,62
68490248-8642-4866-b977-913eef00824b,EMP070,Leadership Skills,2026-04-15,True,89
e4ee1f0c-8df9-4709-bae9-0af81646e900,EMP070,Compliance 101,2026-05-08,True,100
31deca2d-5f76-4a8e-b4c1-2e5da9b7f3cd,EMP071,Leadership Skills,2026-04-03,True,82
d16e0c0c-4308-40ca-9f42-0fbe1004282d,EMP071,Compliance 101,2026-04-12,True,92
ca3ad5a7-9f58-436b-a665-f2f6c0e90c14,EMP072,Advanced Python,2026-04-04,True,59
a8071495-8507-4dbb-aa8d-2f945d78abf5,EMP072,Project Management,2026-07-24,False,71
5dd3d4d7-925c-48a7-b1b9-35439254efe3,EMP072,Compliance 101,2026-02-20,True,65
244be101-cdf0-4544-9ffe-f39af8629892,EMP073,Project Management,2026-03-28,True,90
b276081f-65bf-415c-ade1-c3b04eecd342,EMP073,Advanced Python,2026-03-08,True,89
6439787d-d70d-42e3-9654-b3d01d906478,EMP073,Leadership Skills,2026-04-21,True,82
05183dd1-5771-4fcb-a995-7e33664f744c,EMP074,Security Awareness,2026-05-11,True,91
476103f6-ef18-4d46-aa50-d9654a3b4625,EMP075,Project Management,2026-06-25,False,69
9a46668d-46fc-42c5-84c6-cc6d2d214e94,EMP075,Advanced Python,2026-03-28,False,58
e3d0c45a-7a8f-4654-aecb-ec741a35a457,EMP076,Security Awareness,2026-04-28,True,95
3ccd1001-f6f4-4bce-9ec2-79c295fa1092,EMP076,Compliance 101,2026-04-11,True,82
fe550ede-e26a-4c0c-9abe-71162b172d2f,EMP076,Project Management,2026-04-12,True,92
dc2a212f-9fc8-4418-9ab8-a3400a7f50c3,EMP077,Security Awareness,2026-03-23,True,96
642b44f2-c373-4110-9d36-4bac52a9e83a,EMP078,Project Management,2026-02-26,True,55
3f7438f9-4774-49f8-8ebe-b8e0ab26e8bb,EMP078,Leadership Skills,2026-07-20,False,56
1c5db509-1238-4121-8e79-eb5eb01d17c6,EMP079,Advanced Python,2026-06-18,True,94
a109e9be-7789-4c7b-8f2a-def134de2a74,EMP079,Security Awareness,2026-03-20,True,97
ad67c4c4-d490-4b20-9f71-ccf647692a9c,EMP080,Security Awareness,2026-06-18,True,88
2922a529-a300-40aa-80c0-9d86bf30bea5,EMP081,Leadership Skills,2026-03-03,True,63
4daf0b8a-2065-47b0-8433-237ca53e8cc7,EMP081,Advanced Python,2026-04-22,True,71
8382285c-3dda-4545-8b64-a275d250df12,EMP081,Project Management,2026-03-16,True,72
e5eade58-d549-46fa-bb59-26ce31ecb355,EMP082,Compliance 101,2026-06-24,False,54
10499049-49c8-495b-a204-80e9e618e272,EMP082,Security Awareness,2026-07-23,True,65
110f0f3f-ba6d-41a2-88b7-1d6732744c95,EMP083,Security Awareness,2026-06-05,False,64
154977fc-ff2e-41a7-9c95-80db52de8dce,EMP083,Compliance 101,2026-04-04,True,53
29b1f2d3-77cb-4af4-9ce6-ab6e8a193578,EMP084,Advanced Python,2026-05-06,False,72
51b1d0e9-0ded-48e8-9bd8-52a5a6f56489,EMP084,Project Management,2026-02-20,False,51
431abdb8-fcb9-43b0-aeb5-0171e5df56b3,EMP084,Compliance 101,2026-06-04,True,51
c228bc1f-2c96-4533-be4c-55ebe668d727,EMP085,Project Management,2026-03-30,True,100
aaeecb6d-eb99-47cf-b560-04c82d3a0122,EMP085,Security Awareness,2026-03-20,True,94
8350242b-3eee-4950-9411-11344a92f6be,EMP085,Compliance 101,2026-03-03,True,81
680788e7-ee3a-4af7-b3c5-4a220ad67f0d,EMP086,Project Management,2026-04-30,True,84
fd78be97-d72a-419e-b137-432ed00eac09,EMP086,Compliance 101,2026-04-06,True,98
a891eb0e-3ecb-4ed7-b7bb-d0effacfd620,EMP086,Leadership Skills,2026-02-20,True,88
b9e363ee-3bda-40cc-8a18-633e0f77e981,EMP087,Leadership Skills,2026-07-10,False,50
12928347-2692-45ed-b56b-ef9b331ac7be,EMP087,Security Awareness,2026-04-08,True,58
3a7c0e53-dbf2-48fb-b2ad-f1d29166bdb0,EMP088,Leadership Skills,2026-05-16,True,97
7d613ead-5abb-49bd-a289-bf6522bf3952,EMP088,Security Awareness,2026-03-09,True,96
8e541a84-0b93-4206-b626-93925491cab9,EMP089,Security Awareness,2026-06-03,True,80
cd8a324e-63bf-4f87-9380-bfd80c39c61a,EMP089,Compliance 101,2026-05-13,True,99
2594dd22-3df8-4c08-a3e0-570a96e3ee6e,EMP090,Security Awareness,2026-02-24,True,74
c2960414-869b-4371-b649-6aff2c77dd04,EMP090,Leadership Skills,2026-04-23,True,72
f6f1371b-0e6c-4247-aca5-a53192c7e087,EMP090,Advanced Python,2026-05-01,False,73
79c53f92-b39e-4651-901c-1ca0e6fc0186,EMP091,Advanced Python,2026-02-23,True,94
b8f48b87-37cb-48c9-a364-fcd1d461152e,EMP091,Security Awareness,2026-04-30,True,87
d6f45b14-899e-4283-980a-e734cb4c5354,EMP091,Project Management,2026-05-17,True,89
745d6f8e-ec7f-43b3-b537-0370d3a6ba06,EMP092,Security Awareness,2026-05-26,True,75
55e9216b-d6ea-4d5f-9083-a062c79a424d,EMP092,Leadership Skills,2026-07-15,False,66
f6ac7955-bc65-43b8-9791-a947379e1d73,EMP093,Leadership Skills,2026-02-24,True,50
7954bf1a-59c8-44cd-869e-098fa891d3d8,EMP093,Advanced Python,2026-05-29,True,60
27024151-07cc-42a4-a0d1-7ac8af12bd79,EMP093,Security Awareness,2026-03-15,True,74
a37640cb-c4d5-4155-8727-0a865cf17f0e,EMP094,Project Management,2026-04-29,True,88
cd91bd7e-094b-46eb-90c1-d21e457110b0,EMP095,Security Awareness,2026-07-29,True,98
6c95959c-de1c-48bc-8855-9d9a0035b42c,EMP095,Project Management,2026-06-19,True,96
52f05f7d-9f04-4d6e-a064-ef07e2460b81,EMP096,Advanced Python,2026-07-14,True,62
b1fb9e38-49a7-4312-a7d6-efb95a35d68c,EMP096,Project Management,2026-07-05,True,55
a1c1c8a6-73cc-4799-9984-9a2f62002722,EMP096,Leadership Skills,2026-05-15,False,71
321b13eb-95f5-4c27-91bf-ad6105189568,EMP097,Compliance 101,2026-06-29,True,89
04684641-ab3f-4a86-a543-b3a0035f1cc7,EMP097,Advanced Python,2026-04-28,True,81
017f8508-dcec-4e14-b155-0bbfd7bc43af,EMP098,Project Management,2026-05-13,True,86
68059b4a-1fb6-46ad-baa5-392882d7ce19,EMP098,Advanced Python,2026-04-02,True,98
5c03807e-86af-42a6-96dd-75ba19a74f0f,EMP099,Leadership Skills,2026-04-20,False,67
3ca6ade0-c732-4344-b775-9860c4dbfdcd,EMP099,Project Management,2026-04-25,False,64
12d9d635-2eaf-4e02-b0d0-ad1b942ea593,EMP100,Project Management,2026-05-16,True,93
38396723-bce0-46fe-97cc-c95e5179360e,EMP100,Security Awareness,2026-05-28,True,97
8a3af7b0-62a6-4670-8d71-0bc709b4895b,EMP100,Leadership Skills,2026-03-01,True,82
5a44db4f-a5fe-4d28-b5a4-78261c2cb9e9,EMP101,Advanced Python,2026-03-15,True,99
9ea01d43-f26a-44ec-adb6-414fc706a484,EMP101,Leadership Skills,2026-03-18,True,95
c2acc2ff-efb2-4e66-bb28-f4ef5c2f3825,EMP102,Security Awareness,2026-03-20,False,58
52e769a6-1fc2-4639-9a6a-8a0c90d33ac6,EMP102,Leadership Skills,2026-03-14,False,61
46f093dd-e1cc-46b2-a1fb-07091ec09f7b,EMP102,Project Management,2026-03-23,True,53
0f04f681-0308-4ad4-995a-5f4b201474d5,EMP103,Advanced Python,2026-04-12,True,92
13a81f96-4646-4355-99f8-a827cb17ebb5,EMP104,Project Management,2026-03-04,True,97
b8e8d022-aa9d-4151-911e-35a0a8cc33ea,EMP105,Security Awareness,2026-06-24,True,51
f6b0578c-19a4-4dd6-abca-f97ae025c597,EMP105,Advanced Python,2026-03-12,True,75
0719df9d-cf4d-4b9f-81f1-e967732a404f,EMP106,Leadership Skills,2026-05-30,True,92
3eb441b7-a0cb-44cd-83ee-dd75b9e48545,EMP106,Project Management,2026-04-02,True,84
a4cdf096-361b-4fb6-9c7c-e61585de2ddc,EMP106,Advanced Python,2026-07-01,True,93
6a13f2c9-de9f-460b-8b78-ea68c3cd8bc4,EMP107,Leadership Skills,2026-04-08,True,87
1ef4c1f5-9ae8-4858-8235-70e4fddf0ceb,EMP107,Compliance 101,2026-06-01,True,89
69e34f98-e4ba-42cd-96b3-c0993da4994d,EMP107,Security Awareness,2026-02-14,True,81
9e29adbf-8977-4da8-814e-d27e29206952,EMP108,Security Awareness,2026-02-23,True,51
e91179d4-2345-48c8-a8bb-9304d81792f2,EMP108,Project Management,2026-04-22,False,74
3e710376-6b35-477d-b119-47550e4c586e,EMP109,Project Management,2026-05-31,True,88
eaca871b-3101-4e7b-9dc3-7f237cc7042d,EMP110,Leadership Skills,2026-04-09,True,50
e30aaa0d-3696-4ce4-953f-ad4430ad28ba,EMP110,Advanced Python,2026-02-20,False,72
9cb3b4be-1d12-4637-8511-bb22bf4321ef,EMP110,Project Management,2026-07-29,True,56
8b6367e6-e70f-461a-9e23-3603cc0d6873,EMP111,Compliance 101,2026-03-25,True,71
8ddb9e31-cb43-4f7c-8105-9d74d8662620,EMP112,Project Management,2026-05-19,True,96
7aaa2782-0092-4616-b228-7c540809ef1f,EMP112,Security Awareness,2026-05-15,True,89
27650565-b698-4563-86ac-2254d9d6239d,EMP112,Leadership Skills,2026-02-18,True,90
2655ca0a-6966-4417-8c87-97a3ab1e262f,EMP113,Project Management,2026-03-05,True,98
c3a8f07f-674c-4d31-ae85-0b60733dd857,EMP113,Advanced Python,2026-03-07,True,96
9fedbb9c-a746-4ed1-857d-d310a6fdcaea,EMP113,Security Awareness,2026-04-30,True,82
d2d56321-5f3d-4bbe-8b24-bd9719a07830,EMP114,Compliance 101,2026-03-01,True,58
1c910649-3b8f-47bd-9325-c47c855590dc,EMP115,Compliance 101,2026-07-17,True,98
05365084-b219-41bf-950a-b8543576ab6e,EMP115,Project Management,2026-07-12,True,87
27b988f8-73ec-4906-ad39-c1a690a9b6a1,EMP116,Advanced Python,2026-05-07,True,98
c5c5800b-3fe2-42b4-ad37-ce336fdf4b3e,EMP116,Compliance 101,2026-07-31,True,91
1a8de144-64bb-45ba-aff5-ad18dd830204,EMP117,Advanced Python,2026-03-28,True,63
12d2f38d-f4a1-46b7-a3d4-c447505a2134,EMP118,Security Awareness,2026-06-07,False,58
5025bc0b-ab24-412b-ae45-cc0162d6d13f,EMP118,Advanced Python,2026-03-07,True,69
89ad1c4b-2104-4f56-b1d8-0ae876af7978,EMP119,Security Awareness,2026-04-20,True,82
da9692b7-86a6-4671-a547-07561b6272ca,EMP119,Leadership Skills,2026-02-15,True,86
435b98b6-3d95-4b2e-b94e-930d4d25c040,EMP119,Advanced Python,2026-04-08,True,89
eeeb99e9-06e0-40a8-ad5b-fd4f4e8d9bec,EMP120,Security Awareness,2026-04-09,False,62
7e01b809-c82e-41f5-9529-81bea5c2b051,EMP121,Project Management,2026-07-13,True,96
d70f21dc-a439-4094-8b16-935a7be136c8,EMP121,Leadership Skills,2026-02-22,True,81
7b03b550-c268-40a4-87a6-b995b4ecd876,EMP121,Compliance 101,2026-02-13,True,90
019854a9-779c-4d51-8c56-33701d53f86c,EMP122,Compliance 101,2026-07-03,True,94
ddabab34-d43f-4c21-b480-40eb556911cf,EMP123,Project Management,2026-03-13,False,64
b4afbe0e-6e35-4580-83ba-caa700afd2c9,EMP123,Compliance 101,2026-02-15,False,73
aa28dfb0-bf39-40d8-b19f-b0a61ad38253,EMP123,Leadership Skills,2026-03-09,True,60
c31b5430-d9a8-40e5-a93e-3f72e9b2716d,EMP124,Security Awareness,2026-05-03,True,97
7eaeda55-9780-4086-a2f6-06740d819b17,EMP125,Compliance 101,2026-06-30,True,83
9d5a549d-5dcc-476c-a731-113471456def,EMP125,Security Awareness,2026-07-13,True,82
37be8331-536a-4da6-8bd2-d0a2141899ca,EMP126,Compliance 101,2026-05-19,False,53
699e5643-448f-4b75-a118-49f2c9778287,EMP126,Project Management,2026-02-28,False,55
c6f8d40d-9ec9-4075-a749-d983b64699e6,EMP126,Advanced Python,2026-05-28,True,50
60bfa011-370b-433e-b177-4275767d8b5d,EMP127,Advanced Python,2026-05-14,True,88
df54ae1f-1f96-4379-b9e4-4a3f389fd272,EMP127,Leadership Skills,2026-05-30,True,93
2e2f7fc6-3fed-44e7-9493-42fd5606138f,EMP127,Compliance 101,2026-04-30,True,95
6e993045-b555-4b10-9e7b-a29332156574,EMP128,Security Awareness,2026-02-23,True,98
c9e8240a-7434-4072-a893-9b9cb1bb5015,EMP129,Security Awareness,2026-05-02,False,68
72ef63e3-1c49-4ed7-ad18-084990550634,EMP129,Project Management,2026-04-19,True,50
afc808ad-25bc-4538-be14-211b0ee67e2c,EMP130,Advanced Python,2026-06-13,False,69
b641f53f-990a-4d20-98dd-2b0a9e473c25,EMP131,Advanced Python,2026-03-21,True,82
cd8ac508-5a36-4817-a3cc-2aaf59d43ff2,EMP131,Compliance 101,2026-05-20,True,94
2c1fb429-e291-4da4-b4fc-813669732a86,EMP132,Leadership Skills,2026-05-11,True,67
ab7836d1-41ce-4731-988c-670f6a09dcf1,EMP133,Advanced Python,2026-04-22,True,82
6217fc2b-df18-4d8f-930c-c8c0e16ef386,EMP134,Leadership Skills,2026-03-17,False,72
7042c3b1-6348-4f19-9669-df07c1c46401,EMP134,Project Management,2026-03-23,True,55
999ebe4a-77d2-43dd-a8bd-490a574db6ee,EMP135,Compliance 101,2026-02-26,True,72
91d2cc02-4972-4565-adab-132e7778dd42,EMP135,Advanced Python,2026-06-26,False,59
3c7798d4-5031-445a-8110-a73c80f093ec,EMP136,Compliance 101,2026-02-24,True,51
507c3179-7788-4eed-9d10-6bbcc22520d0,EMP136,Security Awareness,2026-07-05,True,52
25b97929-96d5-4f0a-9fda-1c569b29dd74,EMP136,Project Management,2026-05-09,False,61
3e4514bd-ed42-4541-944f-9c49255bb44b,EMP137,Advanced Python,2026-05-18,True,87
894659f0-4066-4eb9-bdc0-eca0e10ce502,EMP137,Compliance 101,2026-03-21,True,95
48957553-eca2-44bc-8f25-5fed837319fd,EMP137,Leadership Skills,2026-05-15,True,85
142497cf-76aa-45e8-8955-b566a6e6a6d5,EMP138,Project Management,2026-06-05,True,65
febbdc2a-220c-4ca1-a85f-fe82ddc81758,EMP138,Security Awareness,2026-07-02,True,52
942754fd-8e87-471b-9848-d51156884a09,EMP139,Advanced Python,2026-04-08,True,100
4eb17b3c-5500-4575-aefe-7d27c5f6a6e8,EMP140,Security Awareness,2026-03-06,True,99
bb7f464e-ad81-4a66-ae92-f81c7e2decb1,EMP140,Compliance 101,2026-04-12,True,95
665a0138-8aa1-4e71-b60a-bd1488ae30a5,EMP140,Leadership Skills,2026-04-09,True,82
c46aab7d-5867-4c5c-8eda-46b8c6acb8cc,EMP141,Advanced Python,2026-06-13,True,51
96b4a0cf-7794-41c2-bf24-87edeb7043e8,EMP142,Advanced Python,2026-04-20,False,70
37fe6d27-cbd7-4bf8-949f-25979c9c68ae,EMP143,Leadership Skills,2026-03-07,True,85
228c6bca-2832-4c7c-9422-43dfbbdfab59,EMP143,Project Management,2026-03-29,True,92
6e5a86e1-21f1-47e7-a00e-351c4276c659,EMP143,Advanced Python,2026-02-17,True,97
3869ae91-98fa-44bc-a317-5ee13ccc161e,EMP144,Advanced Python,2026-06-11,False,70
878ce67a-7caf-4d05-bb95-2962840e65dd,EMP145,Compliance 101,2026-07-10,True,92
0f3e85ba-dc1f-4596-b52a-a1d7e6d2fe93,EMP146,Security Awareness,2026-03-20,True,95
f9dde00e-8cfc-4bc7-b0c1-db51885a4815,EMP147,Project Management,2026-04-10,False,73
a8bdb129-e9dd-447b-b0b9-e3c78cdc35aa,EMP147,Leadership Skills,2026-06-27,True,59
80d6bf0b-9bad-43cf-a53a-050ff9d7dd40,EMP147,Security Awareness,2026-04-27,True,74
22a1f30e-8a37-4cb5-91b0-d55129c91992,EMP148,Leadership Skills,2026-07-14,False,54
9dc36ff2-a49e-44e4-b683-9200ea03e03f,EMP148,Compliance 101,2026-06-09,True,50
89c47438-24ff-44fe-932c-087dcbd94d93,EMP149,Project Management,2026-03-28,True,75
7d6f8c67-0e97-415c-9864-40cda6b35c3b,EMP149,Advanced Python,2026-07-27,True,70
39016b6f-b384-403d-88b2-280c6337267d,EMP150,Leadership Skills,2026-07-27,False,68
